,index,ts_code_x,trade_date,open,high,low,close_x,pre_close,change,pct_chg,vol,amount,turnover_rate,turnover_rate_f,volume_ratio,pe,pe_ttm,pb,ps,ps_ttm,dv_ratio,dv_ttm,total_share,float_share,free_share,total_mv,circ_mv
0,0,601156.SH,20221101,15.27,15.8,15.17,15.8,15.3,0.5,3.268,93583.25,144746.515,1.1673,2.2977,1.5,6.9159,6.0508,1.9557,1.1285,1.0114,0.0,4.3671,158755.5556,80171.5556,40728.2737,2508337.7785,1266710.5785
1,1,601156.SH,20221031,15.7,15.72,15.15,15.3,15.83,-0.5299999999999994,-3.3481,83643.11,128701.904,1.0433,2.497,1.45,6.697,5.8593,1.8938,1.0928,0.9794,0.0,4.5098,158755.5556,80171.5556,33497.1537,2428960.0007,1226624.8007
2,2,601156.SH,20221028,16.46,16.46,15.73,15.83,16.45,-0.6199999999999992,-3.769,61129.27,97937.216,0.7625,1.8249,1.2,6.929,5.9426,2.0933,1.1307,1.0601,0.0,4.3588,158755.5556,80171.5556,33497.1537,2513100.4451,1269115.7251
3,3,601156.SH,20221027,16.3,16.55,16.23,16.45,16.29,0.16000000000000014,0.9822,65132.0,107106.139,0.8124,1.9444,1.41,7.2004,6.1753,2.1753,1.1749,1.1016,0.0,4.1945,158755.5556,80171.5556,33497.1537,2611528.8896,1318822.0896
4,4,601156.SH,20221026,15.91,16.38,15.91,16.29,15.89,0.3999999999999986,2.5173,56885.0,92040.252,0.7095,1.6982,1.25,7.1304,6.1153,2.1541,1.1635,1.0909,0.0,4.2357,158755.5556,80171.5556,33497.1537,2586128.0007,1305994.6407
5,5,601156.SH,20221025,15.99,16.15,15.71,15.89,16.04,-0.14999999999999858,-0.9352,45518.98,72285.653,0.5678,1.3589,0.91,6.9553,5.9651,2.1012,1.1349,1.0641,0.0,4.3424,158755.5556,80171.5556,33497.1537,2522625.7785,1273926.0185
6,6,601156.SH,20221024,16.52,16.73,15.99,16.04,16.51,-0.4700000000000024,-2.8468,59716.37,97437.661,0.7449,1.7827,1.24,7.0209,6.0214,2.1211,1.1457,1.0741,0.0,4.3017,158755.5556,80171.5556,33497.1537,2546439.1118,1285951.7518
7,7,601156.SH,20221021,16.47,16.65,16.46,16.51,16.51,0.0,0.0,27800.01,45987.837,0.3468,0.8299,0.53,7.2267,6.1979,2.1832,1.1792,1.1056,0.0,4.1793,158755.5556,80171.5556,33497.1537,2621054.223,1323632.383
8,8,601156.SH,20221020,16.46,16.75,16.45,16.51,16.55,-0.03999999999999915,-0.2417,41549.24,68854.135,0.5183,1.2404,0.8,7.2267,6.1979,2.1832,1.1792,1.1056,0.0,4.1793,158755.5556,80171.5556,33497.1537,2621054.223,1323632.383
9,9,601156.SH,20221019,16.6,16.8,16.46,16.55,16.7,-0.14999999999999858,-0.8982,53405.25,88806.825,0.6661,1.5943,1.07,7.2442,6.2129,2.1885,1.1821,1.1083,0.0,4.1692,158755.5556,80171.5556,33497.1537,2627404.4452,1326839.2452
10,10,601156.SH,20221018,16.58,16.91,16.41,16.7,16.47,0.23000000000000043,1.3965,67844.0,113324.395,0.8462,2.0254,1.59,7.3098,6.2692,2.2083,1.1928,1.1183,0.0,4.1317,158755.5556,80171.5556,33497.1537,2651217.7785,1338864.9785
11,11,601156.SH,20221017,16.2,16.64,16.18,16.47,16.28,0.18999999999999773,1.1671,50430.21,82960.846,0.629,1.5055,1.16,7.2092,6.1828,2.1779,1.1764,1.1029,0.0,4.1894,158755.5556,80171.5556,33497.1537,2614704.0007,1320425.5207
12,12,601156.SH,20221014,16.1,16.41,16.1,16.28,16.02,0.26000000000000156,1.623,50365.13,82134.03,0.6282,1.5036,1.12,7.126,6.1115,2.1528,1.1628,1.0902,0.0,4.2383,158755.5556,80171.5556,33497.1537,2584540.4452,1305192.9252
13,13,601156.SH,20221013,15.98,16.16,15.88,16.02,16.01,0.00999999999999801,0.0625,37507.96,60119.685,0.4678,1.1197,0.81,7.0122,6.0139,2.1184,1.1442,1.0728,0.0,4.3071,158755.5556,80171.5556,33497.1537,2543264.0007,1284348.3207
14,14,601156.SH,20221012,15.74,16.02,15.52,16.01,15.69,0.32000000000000206,2.0395,43210.52,68135.077,0.539,1.29,0.9,7.0078,6.0102,2.1171,1.1435,1.0721,0.0,4.3098,158755.5556,80171.5556,33497.1537,2541676.4452,1283546.6052
15,15,601156.SH,20221011,15.71,15.8,15.53,15.69,15.72,-0.030000000000001137,-0.1908,31197.12,48839.247,0.3891,0.9313,0.6,6.8677,5.89,2.0748,1.1207,1.0507,0.0,4.3977,158755.5556,80171.5556,33497.1537,2490874.6674,1257891.7074
16,16,601156.SH,20221010,15.88,16.0,15.61,15.72,15.88,-0.16000000000000014,-1.0076,54464.35,85820.694,0.6793,1.6259,1.04,6.8809,5.9013,2.0787,1.1228,1.0527,0.0,4.3893,158755.5556,80171.5556,33497.1537,2495637.334,1260296.854
17,17,601156.SH,20220930,16.17,16.21,15.88,15.88,16.23,-0.34999999999999964,-2.1565,59149.06,94599.809,0.7378,1.7658,1.16,6.9509,5.9614,2.0999,1.1342,1.0634,0.0,4.3451,158755.5556,80171.5556,33497.1537,2521038.2229,1273124.3029
18,18,601156.SH,20220929,16.37,16.43,16.08,16.23,16.24,-0.00999999999999801,-0.0616,42800.19,69498.354,0.5339,1.2777,0.83,7.1041,6.0928,2.1462,1.1592,1.0869,0.0,4.2514,158755.5556,80171.5556,33497.1537,2576602.6674,1301184.3474
19,19,601156.SH,20220928,16.37,16.85,16.2,16.24,16.49,-0.25,-1.5161,51203.52,84353.767,0.6387,1.5286,0.96,7.1085,6.0965,2.1475,1.1599,1.0875,0.0,4.2488,158755.5556,80171.5556,33497.1537,2578190.2229,1301986.0629
20,20,601156.SH,20220927,16.13,16.49,16.1,16.49,16.13,0.35999999999999943,2.2319,53923.28,88005.841,0.6726,1.6098,1.0,7.2179,6.1904,2.1806,1.1778,1.1043,0.0,4.1844,158755.5556,80171.5556,33497.1537,2617879.1118,1322028.9518
21,21,601156.SH,20220926,16.35,16.45,16.1,16.13,16.53,-0.40000000000000213,-2.4198,54856.72,89230.63,0.6842,1.6377,0.99,7.0603,6.0552,2.133,1.1521,1.0802,0.0,4.2777,158755.5556,80171.5556,33497.1537,2560727.1118,1293167.1918
22,22,601156.SH,20220923,16.61,16.73,16.31,16.53,16.48,0.05000000000000071,0.3034,53108.19,87734.934,0.6624,1.5855,0.72,7.2354,6.2054,2.1859,1.1807,1.1069,0.0,4.1742,158755.5556,80171.5556,33497.1537,2624229.3341,1325235.8141
23,23,601156.SH,20220922,16.65,16.77,16.48,16.48,16.82,-0.33999999999999986,-2.0214,45214.45,75127.353,0.564,1.3498,0.52,7.2135,6.1866,2.1792,1.1771,1.1036,0.0,4.1869,158755.5556,80171.5556,33497.1537,2616291.5563,1321227.2363
24,24,601156.SH,20220921,16.72,16.87,16.4,16.82,16.81,0.010000000000001563,0.0595,58568.32,97466.509,0.7305,1.7485,0.62,7.3624,6.3142,2.2242,1.2014,1.1264,0.0,4.1023,158755.5556,80171.5556,33497.1537,2670268.4452,1348485.5652
25,25,601156.SH,20220920,16.95,17.03,16.66,16.81,16.8,0.00999999999999801,0.0595,57792.93,97128.034,0.7209,1.7253,0.54,7.358,6.3105,2.2229,1.2007,1.1257,0.0,4.1047,158755.5556,80171.5556,33497.1537,2668680.8896,1347683.8496
26,26,601156.SH,20220919,16.95,17.0,16.66,16.8,17.11,-0.3099999999999987,-1.8118,62067.43,104550.993,0.7742,1.8529,0.53,7.3536,6.3067,2.2216,1.1999,1.125,0.0,4.1071,158755.5556,80171.5556,33497.1537,2667093.3341,1346882.1341
27,27,601156.SH,20220916,17.4,17.56,16.85,17.11,17.49,-0.379999999999999,-2.1727,146091.5,249964.451,1.8222,4.3613,1.2,7.4893,6.4231,2.2626,1.2221,1.1458,0.0,4.0327,158755.5556,80171.5556,33497.1537,2716307.5563,1371735.3163
28,28,601156.SH,20220915,17.84,17.99,17.3,17.49,17.85,-0.360000000000003,-2.0168,113556.53,200221.985,1.4164,3.39,1.0,7.6556,6.5658,2.3128,1.2492,1.1712,0.0,3.9451,158755.5556,80171.5556,33497.1537,2776634.6674,1402200.5074
29,29,601156.SH,20220914,17.6,18.06,17.51,17.85,17.9,-0.04999999999999716,-0.2793,89234.36,159185.958,1.113,2.6639,0.77,7.8132,6.7009,2.3604,1.2749,1.1953,0.0,3.8655,158755.5556,80171.5556,33497.1537,2833786.6675,1431062.2675
30,30,601156.SH,20220913,17.99,18.35,17.87,17.9,18.0,-0.10000000000000142,-0.5556,125387.17,226862.234,1.564,3.7432,1.16,7.8351,6.7197,2.367,1.2785,1.1987,0.0,3.8547,158755.5556,80171.5556,33497.1537,2841724.4452,1435070.8452
31,31,601156.SH,20220909,17.94,18.14,17.75,18.0,17.94,0.05999999999999872,0.3344,109328.74,196481.236,1.3637,3.2638,1.03,7.8789,6.7572,2.3802,1.2856,1.2054,0.0,3.8333,158755.5556,80171.5556,33497.1537,2857600.0008,1443088.0008
32,32,601156.SH,20220908,17.54,18.25,17.54,17.94,17.48,0.46000000000000085,2.6316,169064.96,304002.779,2.1088,5.0471,1.87,7.8526,6.7347,2.3723,1.2814,1.2014,0.0,3.8462,158755.5556,80171.5556,33497.1537,2848074.6675,1438277.7075
33,33,601156.SH,20220907,17.67,17.69,17.46,17.48,17.77,-0.28999999999999915,-1.632,77072.09,135307.682,0.9613,2.3009,0.77,7.6513,6.562,2.3115,1.2485,1.1706,0.0,3.9474,158755.5556,80171.5556,33497.1537,2775047.1119,1401398.7919
34,34,601156.SH,20220906,17.43,17.8,17.37,17.77,17.43,0.33999999999999986,1.9507,100138.4,176179.734,1.2491,2.9895,0.93,7.7782,6.6709,2.3498,1.2692,1.19,0.0,3.8829,158755.5556,80171.5556,33497.1537,2821086.223,1424648.543
35,35,601156.SH,20220905,17.35,17.58,17.12,17.43,17.43,0.0,0.0,83720.45,144796.557,1.0443,2.4993,0.74,7.6294,6.5432,2.3049,1.2449,1.1672,0.0,3.9587,158755.5556,80171.5556,33497.1537,2767109.3341,1397390.2141
36,36,601156.SH,20220902,17.72,17.79,17.3,17.43,17.79,-0.35999999999999943,-2.0236,102274.27,178779.359,1.2757,3.0532,0.85,7.6294,6.5432,2.3049,1.2449,1.1672,0.0,3.9587,158755.5556,80171.5556,33497.1537,2767109.3341,1397390.2141
37,37,601156.SH,20220901,17.92,17.99,17.73,17.79,17.92,-0.13000000000000256,-0.7254,87913.71,156996.14,1.0966,2.6245,0.62,7.7869,6.6784,2.3525,1.2706,1.1913,0.0,3.8786,158755.5556,80171.5556,33497.1537,2824261.3341,1426251.9741
38,38,601156.SH,20220831,17.92,18.17,17.74,17.92,17.91,0.010000000000001563,0.0558,128669.83,231210.668,1.6049,3.1772,0.92,7.8439,6.7272,2.3697,1.2799,1.2,0.0,3.8504,158755.5556,80171.5556,40498.2737,2844899.5564,1436674.2764
39,39,601156.SH,20220830,18.25,18.42,17.74,17.91,18.21,-0.3000000000000007,-1.6474,135503.23,242982.926,1.6902,3.3459,0.96,7.8395,6.7234,2.3683,1.2792,1.1994,0.0,3.8526,158755.5556,80171.5556,40498.2737,2843312.0008,1435872.5608
40,40,601156.SH,20220829,18.32,18.32,17.95,18.21,18.6,-0.39000000000000057,-2.0968,107660.2,195438.547,1.3429,2.6584,0.72,7.9708,6.6892,2.5678,1.3006,1.1885,0.0,3.7891,158755.5556,80171.5556,40498.2737,2890938.6675,1459924.0275
41,41,601156.SH,20220826,18.48,18.69,18.27,18.6,18.64,-0.03999999999999915,-0.2146,138566.27,255862.94,1.7284,3.4215,1.07,8.1415,6.8324,2.6228,1.3285,1.214,0.0,3.7097,158755.5556,80171.5556,40498.2737,2952853.3342,1491190.9342
42,42,601156.SH,20220825,17.85,18.75,17.55,18.64,17.86,0.7800000000000011,4.3673,202700.34,370701.953,2.5283,5.0052,2.09,8.159,6.8471,2.6284,1.3314,1.2166,0.0,3.7017,158755.5556,80171.5556,40498.2737,2959203.5564,1494397.7964
43,43,601156.SH,20220824,18.25,18.38,17.76,17.86,18.26,-0.40000000000000213,-2.1906,114106.32,205246.762,1.4233,2.8176,1.35,7.8176,6.5606,2.5185,1.2756,1.1657,0.0,3.8634,158755.5556,80171.5556,40498.2737,2835374.223,1431863.983
44,44,601156.SH,20220823,17.93,18.3,17.69,18.26,17.9,0.360000000000003,2.0112,140907.58,253764.452,1.7576,3.4793,2.2,7.9927,6.7075,2.5749,1.3042,1.1918,0.0,3.7788,158755.5556,80171.5556,40498.2737,2898876.4453,1463932.6053
45,45,601156.SH,20220822,17.22,17.99,17.15,17.9,17.25,0.6499999999999986,3.7681,147229.31,261259.389,1.8364,3.6354,3.2,7.8351,6.5753,2.5241,1.2785,1.1683,0.0,3.8547,158755.5556,80171.5556,40498.2737,2841724.4452,1435070.8452
46,46,601156.SH,20220819,17.34,17.37,17.22,17.25,17.28,-0.030000000000001137,-0.1736,41804.7,72361.29,0.5214,1.0323,0.82,7.5506,6.3365,2.4324,1.2321,1.1259,0.0,4.0,158755.5556,80171.5556,40498.2737,2738533.3341,1382959.3341
47,47,601156.SH,20220818,17.51,17.53,17.27,17.28,17.5,-0.21999999999999886,-1.2571,41834.0,72532.134,0.5218,1.033,0.71,7.5637,6.3475,2.4367,1.2342,1.1278,0.0,3.9931,158755.5556,80171.5556,40498.2737,2743296.0008,1385364.4808
48,48,601156.SH,20220817,17.46,17.5,17.23,17.5,17.46,0.03999999999999915,0.2291,50380.66,87507.523,0.6284,1.244,0.86,7.66,6.4283,2.4677,1.2499,1.1422,0.0,3.9429,158755.5556,80171.5556,40498.2737,2778222.223,1403002.223
49,49,601156.SH,20220816,17.54,17.57,17.43,17.46,17.58,-0.11999999999999744,-0.6826,39440.37,68983.557,0.4919,0.9739,0.64,7.6425,6.4137,2.4621,1.2471,1.1396,0.0,3.9519,158755.5556,80171.5556,40498.2737,2771872.0008,1399795.3608
50,50,601156.SH,20220815,17.55,17.63,17.41,17.58,17.5,0.0799999999999983,0.4571,56852.76,99618.908,0.7091,1.4963,0.91,7.695,6.4577,2.479,1.2556,1.1474,0.0,3.9249,158755.5556,80171.5556,37996.7322,2790922.6674,1409415.9474
51,51,601156.SH,20220812,17.6,17.65,17.44,17.5,17.6,-0.10000000000000142,-0.5682,65780.75,115212.48,0.8205,1.7312,1.04,7.66,6.4283,2.4677,1.2499,1.1422,0.0,3.9429,158755.5556,80171.5556,37996.7322,2778222.223,1403002.223
52,52,601156.SH,20220811,17.3,17.71,17.28,17.6,17.25,0.3500000000000014,2.029,84126.86,147430.093,1.0493,2.2141,1.5,7.7038,6.4651,2.4818,1.2571,1.1487,0.0,3.9205,158755.5556,80171.5556,37996.7322,2794097.7786,1411019.3786
53,53,601156.SH,20220810,17.28,17.45,17.16,17.25,17.33,-0.0799999999999983,-0.4616,46823.8,80927.135,0.584,1.2323,0.75,7.5506,6.3365,2.4324,1.2321,1.1259,0.0,4.0,158755.5556,80171.5556,37996.7322,2738533.3341,1382959.3341
54,54,601156.SH,20220809,17.47,17.53,17.3,17.33,17.47,-0.14000000000000057,-0.8014,55678.27,96710.242,0.6945,1.4653,0.77,7.5856,6.3659,2.4437,1.2378,1.1311,0.0,3.9815,158755.5556,80171.5556,37996.7322,2751233.7785,1389373.0585
55,55,601156.SH,20220808,17.39,17.63,17.25,17.47,17.45,0.019999999999999574,0.1146,59497.17,104050.285,0.7421,1.5658,0.75,7.6469,6.4173,2.4635,1.2478,1.1402,0.0,3.9496,158755.5556,80171.5556,37996.7322,2773459.5563,1400597.0763
56,56,601156.SH,20220805,17.1,17.45,17.07,17.45,17.13,0.3200000000000003,1.8681,70030.04,121303.182,0.8735,1.8431,0.77,7.6381,6.41,2.4606,1.2464,1.1389,0.0,3.9542,158755.5556,80171.5556,37996.7322,2770284.4452,1398993.6452
57,57,601156.SH,20220804,17.04,17.26,17.0,17.13,17.13,0.0,0.0,49194.44,84202.08,0.6136,1.2947,0.5,7.4981,6.2924,2.4155,1.2235,1.1181,0.0,4.028,158755.5556,80171.5556,37996.7322,2719482.6674,1373338.7474
58,58,601156.SH,20220803,16.83,17.35,16.83,17.13,17.0,0.129999999999999,0.7647,76736.19,131813.895,0.9571,2.0195,0.83,7.4981,6.2924,2.4155,1.2235,1.1181,0.0,4.028,158755.5556,80171.5556,37996.7322,2719482.6674,1373338.7474
59,59,601156.SH,20220802,17.4,17.48,16.8,17.0,17.57,-0.5700000000000003,-3.2442,108143.15,184362.382,1.3489,2.8461,1.3,7.4412,6.2447,2.3972,1.2142,1.1096,0.0,4.0588,158755.5556,80171.5556,37996.7322,2698844.4452,1362916.4452
60,60,601156.SH,20220801,17.43,17.6,17.24,17.57,17.52,0.05000000000000071,0.2854,92040.55,159965.754,1.148,2.4223,1.07,7.6907,6.4541,2.4776,1.2549,1.1468,0.0,3.9271,158755.5556,80171.5556,37996.7322,2789335.1119,1408614.2319
61,61,601156.SH,20220729,17.93,17.96,17.51,17.52,17.99,-0.46999999999999886,-2.6126,126375.23,223486.342,1.5763,3.3259,1.57,7.6688,6.4357,2.4705,1.2514,1.1435,0.0,3.9384,158755.5556,80171.5556,37996.7322,2781397.3341,1404605.6541
62,62,601156.SH,20220728,17.87,18.02,17.85,17.99,17.89,0.09999999999999787,0.559,84131.16,150795.774,1.0494,2.2142,1.02,7.8745,6.6083,2.5368,1.2849,1.1742,0.0,3.8355,158755.5556,80171.5556,37996.7322,2856012.4452,1442286.2852
63,63,601156.SH,20220727,17.94,17.98,17.86,17.89,17.98,-0.08999999999999986,-0.5006,52865.88,94674.239,0.6594,1.3913,0.55,7.8307,6.5716,2.5227,1.2778,1.1677,0.0,3.8569,158755.5556,80171.5556,37996.7322,2840136.8897,1434269.1297
64,64,601156.SH,20220726,18.04,18.06,17.88,17.98,18.08,-0.09999999999999787,-0.5531,60399.08,108416.557,0.7534,1.5896,0.58,7.8701,6.6047,2.5354,1.2842,1.1735,0.0,3.8376,158755.5556,80171.5556,37996.7322,2854424.8897,1441484.5697
65,65,601156.SH,20220725,17.89,18.28,17.89,18.08,18.0,0.0799999999999983,0.4444,106073.37,192042.077,1.3231,2.8541,1.04,7.9139,6.6414,2.5495,1.2914,1.1801,0.0,3.8164,158755.5556,80171.5556,37164.6756,2870300.4452,1449501.7252
66,66,601156.SH,20220722,18.15,18.18,17.81,18.0,18.16,-0.16000000000000014,-0.8811,98383.49,177450.179,1.2272,2.6472,1.03,7.8789,6.612,2.5382,1.2856,1.1748,0.0,3.8333,158755.5556,80171.5556,37164.6756,2857600.0008,1443088.0008
67,67,601156.SH,20220721,18.36,18.39,18.13,18.16,18.31,-0.14999999999999858,-0.8192,93605.0,170923.223,1.1676,2.5187,1.05,7.9489,6.6708,2.5608,1.2971,1.1853,0.0,3.7996,158755.5556,80171.5556,37164.6756,2883000.8897,1455915.4497
68,68,601156.SH,20220720,18.27,18.39,18.22,18.31,18.23,0.0799999999999983,0.4388,118378.25,216764.57,1.4766,3.1852,1.47,8.0146,6.7259,2.5819,1.3078,1.1951,0.0,3.7684,158755.5556,80171.5556,37164.6756,2906814.223,1467941.183
69,69,601156.SH,20220719,18.36,18.53,18.1,18.23,18.34,-0.10999999999999943,-0.5998,102832.12,187939.767,1.2827,2.7669,1.39,7.9795,6.6965,2.5706,1.3021,1.1899,0.0,3.785,158755.5556,80171.5556,37164.6756,2894113.7786,1461527.4586
70,70,601156.SH,20220718,18.15,18.35,18.05,18.34,18.2,0.14000000000000057,0.7692,95452.54,173973.565,1.1906,2.5684,1.29,8.0277,6.7369,2.5861,1.3099,1.197,0.0,3.7623,158755.5556,80171.5556,37164.6756,2911576.8897,1470346.3297
71,71,601156.SH,20220715,18.16,18.31,18.07,18.2,18.24,-0.03999999999999915,-0.2193,69014.39,125774.225,0.8608,1.857,0.95,7.9664,6.6855,2.5664,1.2999,1.1879,0.0,3.7912,158755.5556,80171.5556,37164.6756,2889351.1119,1459122.3119
72,72,601156.SH,20220714,18.43,18.44,18.17,18.24,18.3,-0.060000000000002274,-0.3279,58941.59,107558.725,0.7352,1.586,0.75,7.9839,6.7002,2.572,1.3028,1.1905,0.0,3.7829,158755.5556,80171.5556,37164.6756,2895701.3341,1462329.1741
73,73,601156.SH,20220713,18.5,18.53,18.2,18.3,18.55,-0.25,-1.3477,75228.6,137534.334,0.9383,2.0242,0.94,8.0102,6.7222,2.5805,1.3071,1.1944,0.0,3.7705,158755.5556,80171.5556,37164.6756,2905226.6675,1467139.4675
74,74,601156.SH,20220712,18.5,18.69,18.44,18.55,18.52,0.030000000000001137,0.162,70788.92,131403.711,0.883,1.9047,0.9,8.1196,6.814,2.6158,1.3249,1.2107,0.0,3.7197,158755.5556,80171.5556,37164.6756,2944915.5564,1487182.3564
75,75,601156.SH,20220711,18.88,19.0,18.5,18.52,19.07,-0.5500000000000007,-2.8841,97269.95,180910.787,1.2133,2.6173,1.33,8.1065,6.803,2.6115,1.3228,1.2088,0.0,3.7257,158755.5556,80171.5556,37164.6756,2940152.8897,1484777.2097
76,76,601156.SH,20220708,19.12,19.31,19.0,19.07,19.07,0.0,0.0,62475.5,119343.311,0.7793,1.681,0.88,8.3472,7.0051,2.6891,1.3621,1.2447,0.0,3.6182,158755.5556,80171.5556,37164.6756,3027468.4453,1528871.5653
77,77,601156.SH,20220707,19.5,19.52,19.05,19.07,19.51,-0.4400000000000013,-2.2553,86292.09,165329.936,1.0763,2.3219,1.29,8.3472,7.0051,2.6891,1.3621,1.2447,0.0,3.6182,158755.5556,80171.5556,37164.6756,3027468.4453,1528871.5653
78,78,601156.SH,20220706,19.92,19.92,19.37,19.51,20.04,-0.5299999999999976,-2.6447,83718.22,163951.136,1.0442,2.2526,1.25,8.5398,7.1667,2.7511,1.3935,1.2734,0.0,3.5366,158755.5556,80171.5556,37164.6756,3097320.8898,1564147.0498
79,79,601156.SH,20220705,20.04,20.16,19.84,20.04,20.03,0.00999999999999801,0.0499,61709.99,123254.488,0.7697,1.6604,0.84,8.7718,7.3614,2.8259,1.4314,1.308,0.0,3.4431,158755.5556,80171.5556,37164.6756,3181461.3342,1606637.9742
80,80,601156.SH,20220704,19.93,20.09,19.65,20.03,19.93,0.10000000000000142,0.5018,70637.19,140437.807,0.8811,1.9007,0.94,8.7674,7.3577,2.8245,1.4306,1.3073,0.0,3.4448,158755.5556,80171.5556,37164.6756,3179873.7787,1605836.2587
81,81,601156.SH,20220701,19.88,19.99,19.67,19.93,19.8,0.129999999999999,0.6566,52413.6,104049.493,0.6538,1.4103,0.65,8.7237,7.321,2.8103,1.4235,1.3008,0.0,3.4621,158755.5556,80171.5556,37164.6756,3163998.2231,1597819.1031
82,82,601156.SH,20220630,19.5,19.95,19.49,19.8,19.5,0.3000000000000007,1.5385,64863.47,128091.11,0.8091,1.7453,0.78,8.6668,7.2732,2.792,1.4142,1.2923,0.0,3.4848,158755.5556,80171.5556,37164.6756,3143360.0009,1587396.8009
83,83,601156.SH,20220629,19.97,20.08,19.5,19.5,19.97,-0.46999999999999886,-2.3535,85223.98,168458.004,1.063,2.2931,1.04,8.5354,7.163,2.7497,1.3928,1.2727,0.0,3.5385,158755.5556,80171.5556,37164.6756,3095733.3342,1563345.3342
84,84,601156.SH,20220628,19.75,20.07,19.68,19.97,19.75,0.21999999999999886,1.1139,93260.74,186139.267,1.1633,2.5094,1.2,8.7412,7.3357,2.816,1.4264,1.3034,0.0,3.4552,158755.5556,80171.5556,37164.6756,3170348.4453,1601025.9653
85,85,601156.SH,20220627,19.76,20.0,19.6,19.75,19.6,0.14999999999999858,0.7653,81510.12,161691.414,1.0167,2.1932,1.05,8.6449,7.2548,2.785,1.4106,1.2891,0.0,3.4937,158755.5556,80171.5556,37164.6756,3135422.2231,1583388.2231
86,86,601156.SH,20220624,19.61,19.79,19.41,19.6,19.58,0.020000000000003126,0.1021,77246.48,151592.722,0.9635,2.0785,0.99,8.5792,7.1997,2.7638,1.3999,1.2793,0.0,3.5204,158755.5556,80171.5556,37164.6756,3111608.8898,1571362.4898
87,87,601156.SH,20220623,19.5,19.61,19.22,19.58,19.58,0.0,0.0,80256.14,155519.79,1.0011,2.1595,0.98,8.5705,7.1924,2.761,1.3985,1.278,0.0,3.524,158755.5556,80171.5556,37164.6756,3108433.7786,1569759.0586
88,88,601156.SH,20220622,20.07,20.18,19.58,19.58,20.05,-0.4700000000000024,-2.3441,75715.13,150435.973,0.9444,2.0373,0.72,8.5705,7.1924,2.761,1.3985,1.278,0.0,3.524,158755.5556,80171.5556,37164.6756,3108433.7786,1569759.0586
89,89,601156.SH,20220621,20.74,20.74,20.01,20.05,20.74,-0.6899999999999977,-3.3269,73505.89,149591.258,0.9169,1.9778,0.71,8.7762,7.365,2.8273,1.4321,1.3086,0.0,3.4414,158755.5556,80171.5556,37164.6756,3183048.8898,1607439.6898
90,90,601156.SH,20220620,20.32,20.78,20.19,20.74,20.37,0.36999999999999744,1.8164,80029.41,164698.807,0.9982,2.1534,0.78,9.0782,7.6185,2.9246,1.4814,1.3537,0.0,3.3269,158755.5556,80171.5556,37164.6756,3292590.2231,1662758.0631
91,91,601156.SH,20220617,20.26,20.44,19.92,20.37,20.37,0.0,0.0,80784.46,163071.413,1.0076,2.1737,0.81,8.9163,7.4826,2.8724,1.4549,1.3295,0.0,3.3873,158755.5556,80171.5556,37164.6756,3233850.6676,1633094.5876
92,92,601156.SH,20220616,20.66,20.76,20.28,20.37,20.8,-0.4299999999999997,-2.0673,98814.8,201874.391,1.2325,2.6588,1.06,8.9163,7.4826,2.8724,1.4549,1.3295,0.0,3.3873,158755.5556,80171.5556,37164.6756,3233850.6676,1633094.5876
93,93,601156.SH,20220615,21.6,21.77,20.73,20.8,22.11,-1.3099999999999987,-5.9249,192746.49,405968.322,2.4042,5.1863,2.75,9.1045,7.6405,2.933,1.4856,1.3576,0.0,3.3173,158755.5556,80171.5556,37164.6756,3302115.5565,1667568.3565
94,94,601156.SH,20220614,22.04,22.31,21.6,22.11,21.9,0.21000000000000085,0.9589,67320.61,147862.313,0.8397,1.8114,0.92,9.6779,8.1218,3.1178,1.5792,1.4431,0.0,3.1208,158755.5556,80171.5556,37164.6756,3510085.3343,1772593.0943
95,95,601156.SH,20220613,22.29,22.29,21.31,21.9,22.3,-0.40000000000000213,-1.7937,75781.01,164852.824,0.9452,2.0391,1.11,9.586,8.0446,3.0881,1.5642,1.4294,0.0,3.1507,158755.5556,80171.5556,37164.6756,3476746.6676,1755757.0676
96,96,601156.SH,20220610,22.02,22.38,21.75,22.3,22.16,0.14000000000000057,0.6318,62213.0,137370.063,0.776,1.674,0.93,9.761,8.1915,3.1445,1.5928,1.4555,0.0,3.0942,158755.5556,80171.5556,37164.6756,3540248.8899,1787825.6899
97,97,601156.SH,20220609,22.24,22.86,22.05,22.16,22.28,-0.120000000000001,-0.5386,67580.02,151881.76,0.8429,1.8184,1.06,9.6998,8.1401,3.1248,1.5828,1.4464,0.0,3.1137,158755.5556,80171.5556,37164.6756,3518023.1121,1776601.6721
98,98,601156.SH,20220608,22.3,22.71,21.89,22.28,22.44,-0.16000000000000014,-0.713,77824.0,173674.018,4.9021,4.9021,1.31,9.7523,8.1842,3.1417,1.5913,1.4542,0.0,3.0969,158755.5556,15875.5556,15875.5556,3537073.7788,353707.3788
99,99,601156.SH,20220607,21.75,22.84,21.74,22.44,21.89,0.5500000000000007,2.5126,82421.57,184637.751,5.1917,5.1917,1.53,9.8223,8.243,3.1643,1.6028,1.4646,0.0,3.0749,158755.5556,15875.5556,15875.5556,3562474.6677,356247.4677
100,100,601156.SH,20220606,21.78,21.99,21.5,21.89,21.95,-0.05999999999999872,-0.2733,50750.8,110497.745,3.1968,3.1968,0.94,9.5816,8.0409,3.0867,1.5635,1.4287,0.0,3.1521,158755.5556,15875.5556,15875.5556,3475159.1121,347515.9121
101,101,601156.SH,20220602,21.94,22.2,21.46,21.95,22.09,-0.14000000000000057,-0.6338,55000.68,120010.818,3.4645,3.4645,1.04,9.6078,8.063,3.0952,1.5678,1.4327,0.0,3.1435,158755.5556,15875.5556,15875.5556,3484684.4454,348468.4454
102,102,601156.SH,20220601,22.68,22.69,21.83,22.09,22.41,-0.3200000000000003,-1.4279,53518.28,118535.149,3.3711,3.3711,0.99,9.6691,8.1144,3.1149,1.5778,1.4418,0.0,3.1236,158755.5556,15875.5556,15875.5556,3506910.2232,350691.0232
103,103,601156.SH,20220531,22.33,22.48,21.75,22.41,22.33,0.08000000000000185,0.3583,54289.59,120234.218,3.4197,3.4197,0.91,9.8092,8.232,3.1601,1.6006,1.4627,0.0,3.079,158755.5556,15875.5556,15875.5556,3557712.001,355771.201
104,104,601156.SH,20220530,22.34,22.7,22.2,22.33,22.07,0.259999999999998,1.1781,55307.01,124063.119,3.4838,3.4838,0.88,9.7742,8.2026,3.1488,1.5949,1.4575,0.0,3.09,158755.5556,15875.5556,15875.5556,3545011.5565,354501.1565
105,105,601156.SH,20220527,22.3443,22.6544,21.8942,22.0743,22.1443,-0.07000000000000028,-0.3161,52842.77,117454.569,3.3286,3.3286,0.72,9.6604,8.1071,3.1121,1.5763,1.4405,0.0,3.1264,158755.5556,15875.5556,15875.5556,3503735.1121,350373.5121
106,106,601156.SH,20220526,22.2696,22.3763,21.775,22.1435,22.3084,-0.16489999999999938,-0.7392,48679.9,110521.843,3.0663,3.0663,0.64,9.993,8.3862,2.9338,1.6306,1.4901,0.0,,158755.5556,15875.5556,15875.5556,3624389.3343,362438.9343
107,107,601156.SH,20220525,21.7459,22.5897,21.6586,22.3084,21.9787,0.329699999999999,1.5001,58115.89,133423.613,3.6607,3.6607,0.76,10.0674,8.4487,2.9557,1.6428,1.5012,0.0,,158755.5556,15875.5556,15875.5556,3651377.7788,365137.7788
108,108,601156.SH,20220524,22.8904,23.5597,21.9593,21.9787,22.9874,-1.008700000000001,-4.3881,83375.95,194482.487,5.2518,5.2518,1.05,9.9186,8.3238,2.912,1.6185,1.479,0.0,,158755.5556,15875.5556,15875.5556,3597400.8899,359740.0899
109,109,601156.SH,20220523,23.0844,23.6663,22.8516,22.9874,23.1717,-0.18430000000000035,-0.7954,71722.92,171512.152,4.5178,4.5178,0.81,10.3738,8.7058,3.0456,1.6928,1.5469,0.0,,158755.5556,15875.5556,15875.5556,3762506.6677,376250.6677
110,110,601156.SH,20220520,22.2114,23.4433,22.2017,23.1717,22.0951,1.0766000000000027,4.8726,103461.95,244688.844,6.5171,6.5171,1.02,10.457,8.7756,3.07,1.7063,1.5593,0.0,,158755.5556,15875.5556,15875.5556,3792670.2233,379267.0233
111,111,601156.SH,20220519,21.9787,22.2696,21.8235,22.0951,22.4054,-0.3103000000000016,-1.3849,60883.36,138236.77,3.835,3.835,0.53,9.9711,8.3679,2.9274,1.6271,1.4868,0.0,,158755.5556,15875.5556,15875.5556,3616451.5566,361645.1566
112,112,601156.SH,20220518,22.7837,22.9292,22.192,22.4054,22.6091,-0.20370000000000132,-0.901,64587.74,149845.189,4.0684,4.0684,0.48,10.1112,8.4854,2.9685,1.6499,1.5077,0.0,,158755.5556,15875.5556,15875.5556,3667253.3344,366725.3344
113,113,601156.SH,20220517,23.0747,23.2687,22.1629,22.6091,23.1232,-0.5140999999999991,-2.2233,96989.74,225142.705,6.1094,6.1094,0.65,10.2031,8.5626,2.9955,1.6649,1.5214,0.0,,158755.5556,15875.5556,15875.5556,3700592.001,370059.201
114,114,601156.SH,20220516,23.6954,24.0349,22.9389,23.1232,23.8409,-0.7177000000000007,-3.0104,118950.12,285708.01,7.4927,7.4927,0.75,10.4351,8.7572,3.0636,1.7028,1.556,0.0,,158755.5556,15875.5556,15875.5556,3784732.4455,378473.2455
115,115,601156.SH,20220513,23.579,24.7818,23.3366,23.8409,23.55,0.2909000000000006,1.2352,166365.37,413407.092,10.4793,10.4793,0.96,10.759,9.0291,3.1587,1.7556,1.6043,0.0,,158755.5556,15875.5556,15875.5556,3902211.5566,390221.1566
116,116,601156.SH,20220512,22.8904,23.9864,22.7934,23.55,23.2881,0.2619000000000007,1.1246,131746.3,320790.75,8.2987,8.2987,0.77,10.6277,8.9189,3.1202,1.7342,1.5847,0.0,,158755.5556,15875.5556,15875.5556,3854584.89,385458.49
117,117,601156.SH,20220511,23.9282,23.9282,23.2784,23.2881,23.967,-0.6788999999999987,-2.8326,163258.09,396869.115,10.2836,10.2836,0.93,10.5095,8.8197,3.0855,1.7149,1.5671,0.0,,158755.5556,15875.5556,15875.5556,3811720.89,381172.09
118,118,601156.SH,20220510,23.3075,24.0834,23.0359,23.967,23.9185,0.0484999999999971,0.2028,162470.06,396862.272,10.234,10.234,0.91,10.8159,9.0768,3.1754,1.7649,1.6128,0.0,,158755.5556,15875.5556,15875.5556,3922849.7789,392284.9789
119,119,601156.SH,20220509,23.2299,24.1319,23.0262,23.9185,23.6178,0.30070000000000263,1.2732,169670.19,413646.353,10.6875,10.6875,1.03,10.7941,9.0585,3.169,1.7613,1.6095,0.0,,158755.5556,15875.5556,15875.5556,3914912.0011,391491.2011
120,120,601156.SH,20220506,23.2105,24.1416,22.8128,23.6178,22.7255,0.8922999999999988,3.9264,241645.34,585824.499,15.2212,15.2212,1.78,10.6584,8.9446,3.1292,1.7392,1.5893,0.0,,158755.5556,15875.5556,15875.5556,3865697.7789,386569.7789
121,121,601156.SH,20220505,20.9505,22.7255,20.9505,22.7255,20.6596,2.065899999999999,9.9997,113219.67,257342.631,7.1317,7.1317,0.85,10.2557,8.6066,3.0109,1.6735,1.5293,0.0,,158755.5556,15875.5556,15875.5556,3719642.6677,371964.2677
122,122,601156.SH,20220429,20.3686,21.387,20.0,20.6596,19.6217,1.0379000000000005,5.2896,193495.29,412833.022,12.1883,12.1883,1.77,9.3233,7.8242,2.7372,1.5214,1.3902,0.0,,158755.5556,15875.5556,15875.5556,3381493.3343,338149.3343
123,123,601156.SH,20220428,22.1145,22.386,19.418,19.6217,21.3094,-1.6876999999999995,-7.92,179190.87,378508.023,11.2872,11.2872,1.97,8.855,8.855,2.9251,1.4449,1.4449,0.0,,158755.5556,15875.5556,15875.5556,3211624.8898,321162.4898
124,124,601156.SH,20220427,21.775,21.8235,20.582,21.3094,21.7847,-0.4753000000000007,-2.1818,93054.2,202225.261,5.8615,5.8615,1.08,9.6166,9.6166,3.1767,1.5692,1.5692,0.0,,158755.5556,15875.5556,15875.5556,3487859.5565,348785.9565
125,125,601156.SH,20220426,21.775,22.4054,21.2124,21.7847,21.5034,0.28130000000000166,1.3082,98562.13,222514.902,6.2084,6.2084,1.21,9.8311,9.8311,3.2476,1.6042,1.6042,0.0,,158755.5556,15875.5556,15875.5556,3565649.7788,356564.9788
126,126,601156.SH,20220425,22.9389,22.9874,21.484,21.5034,23.0262,-1.5228000000000002,-6.6133,101742.48,233554.467,6.4088,6.4088,1.3,9.7041,9.7041,3.2056,1.5835,1.5835,0.0,,158755.5556,15875.5556,15875.5556,3519610.6677,351961.0677
127,127,601156.SH,20220422,22.6091,23.065,22.3569,23.0262,22.6091,0.4170999999999978,1.8448,74317.81,174900.528,4.6813,4.6813,0.94,10.3914,10.3914,3.4326,1.6956,1.6956,0.0,,158755.5556,15875.5556,15875.5556,3768856.8899,376885.6899
128,128,601156.SH,20220421,22.7934,23.2784,22.3278,22.6091,22.7837,-0.1745999999999981,-0.7663,86133.91,202589.47,5.4256,5.4256,0.98,10.2031,10.2031,3.3705,1.6649,1.6649,0.0,,158755.5556,15875.5556,15875.5556,3700592.001,370059.201
129,129,601156.SH,20220420,23.065,23.1523,22.6285,22.7837,22.9001,-0.11639999999999873,-0.5083,71673.99,168977.179,4.5147,4.5147,0.61,10.2819,10.2819,3.3965,1.6778,1.6778,0.0,,158755.5556,15875.5556,15875.5556,3729168.001,372916.801
130,130,601156.SH,20220419,22.6964,23.3269,22.3084,22.9001,22.7934,0.10670000000000002,0.4681,74000.83,175080.6,4.6613,4.6613,0.57,10.3345,10.3345,3.4138,1.6863,1.6863,0.0,,158755.5556,15875.5556,15875.5556,3748218.6677,374821.8677
131,131,601156.SH,20220418,22.4539,23.0165,21.6586,22.7934,22.1339,0.6594999999999978,2.9796,84412.35,196930.366,5.3171,5.3171,0.61,10.2863,10.2863,3.3979,1.6785,1.6785,0.0,,158755.5556,15875.5556,15875.5556,3730755.5566,373075.5566
132,132,601156.SH,20220415,22.0563,22.7158,22.0078,22.1339,22.6382,-0.5043000000000006,-2.2277,78171.45,179006.362,4.924,4.924,0.57,9.9887,9.9887,3.2996,1.6299,1.6299,0.0,,158755.5556,15875.5556,15875.5556,3622801.7788,362280.1788
133,133,601156.SH,20220414,22.3084,22.968,21.9302,22.6382,22.6188,0.019400000000000972,0.0858,132223.74,307997.917,8.3288,8.3288,1.08,10.2163,10.2163,3.3748,1.6671,1.6671,0.0,,158755.5556,15875.5556,15875.5556,3705354.6677,370535.4677
134,134,601156.SH,20220413,22.0175,23.4336,21.8332,22.6188,22.0175,0.6013000000000019,2.731,217805.02,509791.122,13.7195,13.7195,2.43,10.2075,10.2075,3.3719,1.6656,1.6656,0.0,,158755.5556,15875.5556,15875.5556,3702179.5566,370217.9566
135,135,601156.SH,20220412,20.8535,22.192,20.805,22.0175,21.1251,0.8923999999999985,4.2244,134088.67,298145.614,8.4462,8.4462,1.77,9.9361,9.9361,3.2823,1.6213,1.6213,0.0,,158755.5556,15875.5556,15875.5556,3603751.1121,360375.1121
136,136,601156.SH,20220411,21.3773,21.7168,21.0184,21.1251,20.7081,0.41699999999999804,2.0137,128206.08,280932.737,8.0757,8.0757,2.35,14.5972,9.5363,3.1495,2.2882,1.5556,0.0,,158755.5556,15875.5556,15875.5556,3457696.001,345769.601
137,137,601156.SH,20220408,19.9709,21.0475,19.8836,20.7081,19.9903,0.7178000000000004,3.5907,68576.43,144189.197,4.3196,4.3196,1.52,14.309,9.348,3.0874,2.2431,1.5249,0.0,,158755.5556,15875.5556,15875.5556,3389431.1121,338943.1121
138,138,601156.SH,20220407,19.8351,20.1455,19.6799,19.9903,19.7672,0.2231000000000023,1.1286,61635.09,127097.687,3.8824,3.8824,1.61,13.813,9.024,2.9804,2.1653,1.4721,0.0,,158755.5556,15875.5556,15875.5556,3271952.0009,327195.2009
139,139,601156.SH,20220406,19.1271,19.8157,18.9331,19.7672,19.1853,0.5818999999999974,3.0331,55406.6,111121.696,3.4901,3.4901,1.69,13.6589,8.9233,2.9471,2.1412,1.4556,0.0,,158755.5556,15875.5556,15875.5556,3235438.2231,323543.8231
140,140,601156.SH,20220401,18.6906,19.5247,18.516,19.1853,18.7197,0.465600000000002,2.4872,64003.8,126174.429,4.0316,4.0316,2.67,13.2568,8.6606,2.8603,2.0781,1.4128,0.0,,158755.5556,15875.5556,15875.5556,3140184.8898,314018.4898
141,141,601156.SH,20220331,18.6324,18.8652,18.5839,18.7197,18.7585,-0.038800000000001944,-0.2068,23406.29,45192.802,1.4744,1.4744,0.92,12.9351,8.4504,2.7909,2.0277,1.3785,0.0,,158755.5556,15875.5556,15875.5556,3063982.2231,306398.2231
142,142,601156.SH,20220330,18.6227,18.7779,18.5451,18.7585,18.4287,0.3298000000000023,1.7896,21748.74,41886.327,1.37,1.37,0.79,12.9619,8.4679,2.7967,2.0319,1.3814,0.0,,158755.5556,15875.5556,15875.5556,3070332.4453,307033.2453
143,143,601156.SH,20220329,18.7682,18.7682,18.3802,18.4287,18.6906,-0.2619000000000007,-1.4012,26822.86,51193.967,1.6896,1.6896,0.78,12.734,8.3191,2.7475,1.9962,1.3571,0.0,,158755.5556,15875.5556,15875.5556,3016355.5564,301635.5564
144,144,601156.SH,20220328,18.6227,18.7876,18.2929,18.6906,18.6809,0.00969999999999871,0.0519,27979.47,53634.297,1.7624,1.7624,0.8,12.915,8.4373,2.7866,2.0245,1.3764,0.0,,158755.5556,15875.5556,15875.5556,3059219.5564,305921.9564
145,145,601156.SH,20220325,18.7876,18.8846,18.6712,18.6809,18.71,-0.02909999999999968,-0.1555,20088.34,38879.517,1.2654,1.2654,0.55,12.9083,8.4329,2.7851,2.0235,1.3756,0.0,,158755.5556,15875.5556,15875.5556,3057632.0009,305763.2009
146,146,601156.SH,20220324,18.9913,18.9913,18.7003,18.71,18.9622,-0.2521999999999984,-1.33,30114.46,58326.437,1.8969,1.8969,0.75,12.9284,8.4461,2.7895,2.0266,1.3778,0.0,,158755.5556,15875.5556,15875.5556,3062394.6675,306239.4675
147,147,601156.SH,20220323,19.0204,19.2629,18.9622,18.9622,19.0883,-0.126100000000001,-0.6606,32268.43,63414.344,2.0326,2.0326,0.65,13.1026,8.5599,2.8271,2.054,1.3964,0.0,,158755.5556,15875.5556,15875.5556,3103671.112,310367.112
148,148,601156.SH,20220322,18.9816,19.2823,18.71,19.0883,19.5635,-0.47520000000000095,-2.429,61380.84,120206.997,3.8664,3.8664,1.2,13.1898,8.6168,2.8459,2.0676,1.4056,0.0,,158755.5556,15875.5556,15875.5556,3124309.3342,312430.9342
149,149,601156.SH,20220321,19.5926,19.6217,19.2241,19.5635,19.5053,0.058200000000002916,0.2984,30252.67,60654.887,1.9056,1.9056,0.56,13.5182,8.8314,2.9167,2.1191,1.4406,0.0,,158755.5556,15875.5556,15875.5556,3202099.5565,320209.9565
150,150,601156.SH,20220318,19.2435,19.5926,19.2241,19.5053,19.418,0.08729999999999905,0.4496,28917.93,58044.573,1.8215,1.8215,0.5,13.4779,8.8051,2.908,2.1128,1.4364,0.0,,158755.5556,15875.5556,15875.5556,3192574.2231,319257.4231
151,151,601156.SH,20220317,19.5441,19.8545,19.3404,19.418,19.4471,-0.02909999999999968,-0.1496,48467.47,97876.498,3.053,3.053,0.8,13.4176,8.7657,2.895,2.1033,1.4299,0.0,,158755.5556,15875.5556,15875.5556,3178286.2231,317828.6231
152,152,601156.SH,20220316,18.9234,19.5247,18.4384,19.4471,18.4772,0.9698999999999991,5.2492,80916.18,158665.92,5.0969,5.0969,1.28,13.4377,8.7788,2.8994,2.1065,1.4321,0.0,,158755.5556,15875.5556,15875.5556,3183048.8898,318304.8898
153,153,601156.SH,20220315,19.1077,19.3889,18.4093,18.4772,19.1853,-0.7081000000000017,-3.6908,66591.76,129313.464,4.1946,4.1946,0.99,12.7675,8.341,2.7548,2.0014,1.3606,0.0,,158755.5556,15875.5556,15875.5556,3024293.3342,302429.3342
154,154,601156.SH,20220314,19.2823,19.6217,19.1368,19.1853,19.3986,-0.21329999999999671,-1.0996,45880.99,91939.491,2.89,2.89,0.64,13.2568,8.6606,2.8603,2.0781,1.4128,0.0,,158755.5556,15875.5556,15875.5556,3140184.8898,314018.4898
155,155,601156.SH,20220311,19.0689,19.5247,18.6227,19.3986,19.2435,0.15509999999999735,0.806,46875.27,92310.426,2.9527,2.9527,0.6,13.4042,8.7569,2.8921,2.1012,1.4285,0.0,,158755.5556,15875.5556,15875.5556,3175111.112,317511.112
156,156,601156.SH,20220310,19.6217,19.7381,19.2144,19.2435,19.1853,0.05819999999999936,0.3034,61113.28,122524.109,3.8495,3.8495,0.74,13.297,8.6869,2.869,2.0844,1.4171,0.0,,158755.5556,15875.5556,15875.5556,3149710.2231,314971.0231
157,157,601156.SH,20220309,20.291,20.485,18.7197,19.1853,20.291,-1.1056999999999988,-5.4492,96293.07,193363.487,6.0655,6.0655,1.35,13.2568,8.6606,2.8603,2.0781,1.4128,0.0,,158755.5556,15875.5556,15875.5556,3140184.8898,314018.4898
158,158,601156.SH,20220308,21.4452,21.5713,20.291,20.291,21.5034,-1.2123999999999988,-5.6382,84924.25,181270.37,5.3494,5.3494,1.34,14.0208,9.1597,3.0252,2.1979,1.4942,0.0,,158755.5556,15875.5556,15875.5556,3321166.2232,332116.6232
159,159,601156.SH,20220307,22.0854,22.0854,21.4161,21.5034,22.1629,-0.6595000000000013,-2.9757,66514.76,148557.986,4.1898,4.1898,1.15,14.8586,9.707,3.2059,2.3292,1.5835,0.0,,158755.5556,15875.5556,15875.5556,3519610.6677,351961.0677
160,160,601156.SH,20220304,21.8041,22.3763,21.7071,22.1629,21.8526,0.3103000000000016,1.42,80615.74,183566.314,5.078,5.078,1.44,15.3143,10.0048,3.3043,2.4007,1.6321,0.0,,158755.5556,15875.5556,15875.5556,3627564.4455,362756.4455
161,161,601156.SH,20220303,22.0757,22.192,21.7168,21.8526,21.5519,0.3006999999999991,1.3952,84090.39,190357.158,5.2968,5.2968,1.52,15.0999,9.8647,3.258,2.367,1.6092,0.0,,158755.5556,15875.5556,15875.5556,3576762.6677,357676.2677
162,162,601156.SH,20220302,21.3385,21.7071,21.1639,21.5519,21.3676,0.18430000000000035,0.8625,41477.27,92062.824,2.6126,2.6126,0.76,14.8921,11.4481,3.6116,2.3345,1.7968,0.0,,158755.5556,15875.5556,15875.5556,3527548.4454,352754.8454
163,163,601156.SH,20220301,21.3967,21.5422,21.1833,21.3676,21.2415,0.126100000000001,0.5936,44513.3,98072.624,2.8039,2.8039,0.81,14.7647,11.3502,3.5807,2.3145,1.7814,0.0,,158755.5556,15875.5556,15875.5556,3497384.8899,349738.4899
164,164,601156.SH,20220228,21.0572,21.387,20.8535,21.2415,21.0572,0.1842999999999968,0.8752,38397.25,83719.182,2.4186,2.4186,0.69,14.6776,11.2832,3.5596,2.3009,1.7709,0.0,,158755.5556,15875.5556,15875.5556,3476746.6676,347674.6676
165,165,601156.SH,20220225,20.7177,21.5907,20.7081,21.0572,20.5238,0.5334000000000003,2.5989,70758.33,154813.264,4.4571,4.4571,1.28,14.5503,11.1854,3.5287,2.2809,1.7556,0.0,,158755.5556,15875.5556,15875.5556,3446583.1121,344658.3121
166,166,601156.SH,20220224,21.484,21.5713,20.388,20.5238,21.6295,-1.1056999999999988,-5.112,82286.13,177462.766,5.1832,5.1832,1.62,14.1817,10.902,3.4393,2.2231,1.7111,0.0,,158755.5556,15875.5556,15875.5556,3359267.5565,335926.7565
167,167,601156.SH,20220223,21.581,21.7071,21.387,21.6295,21.4355,0.19399999999999906,0.905,37888.71,84190.516,2.3866,2.3866,0.65,14.9457,11.4893,3.6246,2.3429,1.8033,0.0,,158755.5556,15875.5556,15875.5556,3540248.8899,354024.8899
168,168,601156.SH,20220222,21.4743,21.8041,21.3385,21.4355,21.7847,-0.34919999999999973,-1.603,46434.85,102967.402,2.9249,2.9249,0.8,14.8117,11.3863,3.5921,2.3219,1.7871,0.0,,158755.5556,15875.5556,15875.5556,3508497.7788,350849.7788
169,169,601156.SH,20220221,21.7847,21.8526,21.4161,21.7847,21.8526,-0.06789999999999807,-0.3107,42654.28,95336.014,2.6868,2.6868,0.65,15.0529,11.5718,3.6506,2.3597,1.8162,0.0,,158755.5556,15875.5556,15875.5556,3565649.7788,356564.9788
170,170,601156.SH,20220218,21.1445,21.872,21.0281,21.8526,21.2415,0.6111000000000004,2.8769,67094.1,149751.411,4.2263,4.2263,0.89,15.0999,11.6078,3.662,2.367,1.8219,0.0,,158755.5556,15875.5556,15875.5556,3576762.6677,357676.2677
171,171,601156.SH,20220217,21.7362,22.066,21.2415,21.2415,21.8235,-0.5820000000000007,-2.6668,60668.2,134659.747,3.8215,3.8215,0.81,14.6776,11.2832,3.5596,2.3009,1.7709,0.0,,158755.5556,15875.5556,15875.5556,3476746.6676,347674.6676
172,172,601156.SH,20220216,21.2706,22.0951,21.1639,21.8235,21.2706,0.5528999999999975,2.5994,73862.37,165135.825,4.6526,4.6526,1.05,15.0797,11.5924,3.6571,2.3639,1.8195,0.0,,158755.5556,15875.5556,15875.5556,3572000.001,357200.001
173,173,601156.SH,20220215,21.0378,21.3773,20.8147,21.2706,20.9602,0.31040000000000134,1.4809,45837.55,99736.706,2.8873,2.8873,0.61,14.6977,11.2987,3.5645,2.304,1.7734,0.0,,158755.5556,15875.5556,15875.5556,3481509.3343,348150.9343
174,174,601156.SH,20220214,21.6392,21.7847,20.7274,20.9602,21.8526,-0.8923999999999985,-4.0837,82295.31,179148.501,5.1838,5.1838,1.02,14.4833,11.1338,3.5124,2.2704,1.7475,0.0,,158755.5556,15875.5556,15875.5556,3430707.5565,343070.7565
175,175,601156.SH,20220211,21.3288,22.192,21.1542,21.8526,21.4161,0.4364999999999988,2.0382,116134.72,262113.092,7.3153,7.3153,1.66,15.0999,11.6078,3.662,2.367,1.8219,0.0,,158755.5556,15875.5556,15875.5556,3576762.6677,357676.2677
176,176,601156.SH,20220210,21.5131,21.5228,21.1445,21.4161,21.3579,0.05819999999999936,0.2725,55799.11,122686.563,3.5148,3.5148,0.74,14.7983,11.376,3.5888,2.3198,1.7855,0.0,,158755.5556,15875.5556,15875.5556,3505322.6676,350532.2676
177,177,601156.SH,20220209,21.3385,21.3967,21.1154,21.3579,21.4452,-0.08729999999999905,-0.4071,52228.19,114524.935,3.2898,3.2898,0.55,14.758,11.3451,3.5791,2.3135,1.7806,0.0,,158755.5556,15875.5556,15875.5556,3495797.3343,349579.7343
178,178,601156.SH,20220208,21.5713,21.5713,21.0184,21.4452,21.581,-0.1357999999999997,-0.6293,66371.73,145517.949,4.1808,4.1808,0.66,14.8184,11.3914,3.5937,2.3229,1.7879,0.0,,158755.5556,15875.5556,15875.5556,3510085.3343,351008.5343
179,179,601156.SH,20220207,20.6596,21.581,20.6596,21.581,20.6499,0.9311000000000007,4.509,113962.25,250448.073,7.1785,7.1785,1.37,14.9122,11.4636,3.6165,2.3376,1.7992,0.0,,158755.5556,15875.5556,15875.5556,3532311.1121,353231.1121
180,180,601156.SH,20220128,20.9117,20.9602,20.485,20.6499,20.6305,0.01939999999999742,0.094,61267.43,130607.054,3.8592,3.8592,0.81,14.2688,10.969,3.4604,2.2368,1.7216,0.0,,158755.5556,15875.5556,15875.5556,3379905.7787,337990.5787
181,181,601156.SH,20220127,20.805,21.1057,20.5626,20.6305,20.9311,-0.3005999999999993,-1.4361,83474.13,179356.21,5.258,5.258,1.3,14.2554,10.9587,3.4572,2.2347,1.72,0.0,,158755.5556,15875.5556,15875.5556,3376730.6676,337673.0676
182,182,601156.SH,20220126,20.2522,21.096,19.9709,20.9311,20.0679,0.8631999999999991,4.3014,149657.72,321413.141,9.4269,9.4269,3.78,14.4632,11.1184,3.5076,2.2672,1.7451,0.0,,158755.5556,15875.5556,15875.5556,3425944.8898,342594.4898
183,183,601156.SH,20220125,20.3686,20.7177,20.0679,20.0679,19.806,0.2619000000000007,1.3223,95493.45,200909.657,6.0151,6.0151,3.6,13.8667,10.6598,3.3629,2.1737,1.6731,0.0,,158755.5556,15875.5556,15875.5556,3284652.4454,328465.2454
184,184,601156.SH,20220124,19.7866,19.8836,19.4956,19.806,19.8836,-0.07760000000000034,-0.3903,26160.17,53113.531,1.6478,1.6478,0.95,13.6857,10.5207,3.319,2.1454,1.6513,0.0,,158755.5556,15875.5556,15875.5556,3241788.4454,324178.8454
185,185,601156.SH,20220121,19.9418,20.0097,19.806,19.8836,19.9321,-0.0484999999999971,-0.2433,23064.57,47297.399,1.4528,1.4528,0.78,13.7393,10.5619,3.332,2.1538,1.6577,0.0,,158755.5556,15875.5556,15875.5556,3254488.8898,325448.8898
186,186,601156.SH,20220120,20.1455,20.1843,19.8933,19.9321,20.1552,-0.2231000000000023,-1.1069,27719.76,57189.489,1.7461,1.7461,0.88,13.7728,10.5877,3.3402,2.159,1.6618,0.0,,158755.5556,15875.5556,15875.5556,3262426.6676,326242.6676
187,187,601156.SH,20220119,20.2522,20.2522,20.0097,20.1552,20.2425,-0.08729999999999905,-0.4313,25394.9,52654.374,1.5996,1.5996,0.75,13.927,10.7062,3.3775,2.1832,1.6804,0.0,,158755.5556,15875.5556,15875.5556,3298940.4454,329894.0454
188,188,601156.SH,20220118,20.0776,20.2522,20.0,20.2425,20.1358,0.10670000000000002,0.5299,30416.89,63194.838,1.916,1.916,0.62,13.9873,10.7526,3.3922,2.1926,1.6876,0.0,,158755.5556,15875.5556,15875.5556,3313228.4454,331322.8454
189,189,601156.SH,20220117,20.097,20.3007,20.0776,20.1358,20.1455,-0.00969999999999871,-0.0481,31443.05,65377.842,1.9806,1.9806,0.6,13.9136,10.6959,3.3743,2.1811,1.6787,0.0,,158755.5556,15875.5556,15875.5556,3295765.3343,329576.5343
190,190,601156.SH,20220114,20.4656,20.5432,20.1067,20.1455,20.4559,-0.31040000000000134,-1.5174,33577.64,70241.641,2.1151,2.1151,0.63,13.9203,10.7011,3.3759,2.1821,1.6796,0.0,,158755.5556,15875.5556,15875.5556,3297352.8898,329735.2898
191,191,601156.SH,20220113,20.8632,20.8729,20.4462,20.4559,20.8147,-0.3587999999999987,-1.7238,36025.0,76693.765,2.2692,2.2692,0.66,14.1347,10.8659,3.4279,2.2158,1.7054,0.0,,158755.5556,15875.5556,15875.5556,3348154.6676,334815.4676
192,192,601156.SH,20220112,20.9408,21.096,20.7565,20.8147,20.9408,-0.126100000000001,-0.6022,36808.0,79145.546,2.3185,2.3185,0.63,14.3827,11.0566,3.4881,2.2546,1.7354,0.0,,158755.5556,15875.5556,15875.5556,3406894.2232,340689.4232
193,193,601156.SH,20220111,20.2813,21.2221,20.2813,20.9408,20.4462,0.4945999999999984,2.419,105809.01,228287.858,6.6649,6.6649,1.94,14.4699,11.1235,3.5092,2.2683,1.7459,0.0,,158755.5556,15875.5556,15875.5556,3427532.4454,342753.2454
194,194,601156.SH,20220110,20.1746,20.485,19.7866,20.4462,20.3007,0.14550000000000196,0.7167,50925.82,106035.185,3.2078,3.2078,0.84,14.128,10.8608,3.4263,2.2147,1.7046,0.0,,158755.5556,15875.5556,15875.5556,3346567.112,334656.712
195,195,601156.SH,20220107,20.4656,20.6499,20.2716,20.3007,20.4462,-0.14550000000000196,-0.7116,37996.26,80244.238,2.3934,2.3934,0.58,14.0275,10.7835,3.4019,2.1989,1.6925,0.0,,158755.5556,15875.5556,15875.5556,3322753.7787,332275.3787
196,196,601156.SH,20220106,20.5432,20.6887,20.2813,20.4462,20.7468,-0.3005999999999993,-1.4489,43320.24,91357.137,2.7287,2.7287,0.62,14.128,10.8608,3.4263,2.2147,1.7046,0.0,,158755.5556,15875.5556,15875.5556,3346567.112,334656.712
197,197,601156.SH,20220105,20.7953,21.1251,20.6014,20.7468,20.7856,-0.03879999999999839,-0.1867,56277.85,120822.513,3.5449,3.5449,0.87,14.3358,11.0205,3.4767,2.2473,1.7297,0.0,,158755.5556,15875.5556,15875.5556,3395781.3343,339578.1343
198,198,601156.SH,20220104,21.2415,21.2415,20.582,20.7856,21.2221,-0.43650000000000233,-2.0568,84839.5,181749.8,5.344,5.344,1.62,14.3626,11.0411,3.4832,2.2515,1.7329,0.0,,158755.5556,15875.5556,15875.5556,3402131.5565,340213.1565
199,199,601156.SH,20211231,20.2619,21.2221,20.1067,21.2221,20.2425,0.9796000000000014,4.8393,81603.9,173925.304,5.1402,5.1402,1.88,14.6642,11.2729,3.5563,2.2987,1.7693,,,158755.5556,15875.5556,15875.5556,3473571.5565,347357.1565
200,200,601156.SH,20211230,20.6305,20.6305,20.1746,20.2425,20.5238,-0.28130000000000166,-1.3706,59211.75,123784.138,3.7297,3.7297,1.42,13.9873,10.7526,3.3922,2.1926,1.6876,,,158755.5556,15875.5556,15875.5556,3313228.4454,331322.8454
201,201,601156.SH,20211229,20.1261,20.5529,19.9612,20.5238,20.097,0.42680000000000007,2.1237,66049.37,138876.721,4.1604,4.1604,1.69,14.1817,10.902,3.4393,2.2231,1.7111,,,158755.5556,15875.5556,15875.5556,3359267.5565,335926.7565
202,202,601156.SH,20211228,20.2425,20.3201,20.0097,20.097,20.2328,-0.1357999999999997,-0.6712,30245.41,62695.588,1.9052,1.9052,0.7,13.8868,10.6753,3.3678,2.1769,1.6755,,,158755.5556,15875.5556,15875.5556,3289415.112,328941.512
203,203,601156.SH,20211227,20.2619,20.3395,20.1067,20.2328,20.1358,0.09700000000000131,0.4817,24280.8,50687.762,1.5294,1.5294,0.46,13.9806,10.7474,3.3905,2.1916,1.6868,,,158755.5556,15875.5556,15875.5556,3311640.8898,331164.0898
204,204,601156.SH,20211224,20.4462,20.5141,20.1261,20.1358,20.4365,-0.3006999999999991,-1.4714,36995.2,77187.773,2.3303,2.3303,0.68,13.9136,10.6959,3.3743,2.1811,1.6787,,,158755.5556,15875.5556,15875.5556,3295765.3343,329576.5343
205,205,601156.SH,20211223,20.7081,20.7371,20.2619,20.4365,20.7662,-0.32970000000000255,-1.5877,50766.0,106952.737,3.1977,3.1977,0.9,14.1213,10.8556,3.4247,2.2136,1.7038,,,158755.5556,15875.5556,15875.5556,3344979.5565,334497.9565
206,206,601156.SH,20211222,21.0281,21.29,20.6887,20.7662,20.7953,-0.02909999999999968,-0.1399,52915.22,114191.783,3.3331,3.3331,0.82,14.3492,11.0308,3.4799,2.2494,1.7313,,,158755.5556,15875.5556,15875.5556,3398956.4454,339895.6454
207,207,601156.SH,20211221,20.5335,20.9505,20.3783,20.7953,20.679,0.11630000000000251,0.5624,52466.4,111972.102,3.3049,3.3049,0.65,14.3693,11.0462,3.4848,2.2525,1.7337,,,158755.5556,15875.5556,15875.5556,3403719.1121,340371.9121
208,208,601156.SH,20211220,20.7565,21.1445,20.6111,20.679,20.5529,0.12609999999999744,0.6135,71955.7,154918.611,4.5325,4.5325,0.73,14.2889,10.9844,3.4653,2.2399,1.724,,,158755.5556,15875.5556,15875.5556,3384668.4454,338466.8454
209,209,601156.SH,20211217,20.7759,20.7759,20.3589,20.5529,20.7759,-0.22299999999999898,-1.0734,42862.87,90840.457,2.6999,2.6999,0.38,14.2018,10.9174,3.4442,2.2263,1.7135,,,158755.5556,15875.5556,15875.5556,3364030.2232,336403.0232
210,210,601156.SH,20211216,20.679,20.8438,20.4365,20.7759,20.6596,0.11629999999999896,0.5629,60945.45,129703.463,3.8389,3.8389,0.52,14.3559,11.0359,3.4816,2.2504,1.7321,,,158755.5556,15875.5556,15875.5556,3400544.001,340054.401
211,211,601156.SH,20211215,21.5325,21.5616,20.582,20.6596,21.4355,-0.7759,-3.6197,94827.3,204298.89,5.9732,5.9732,0.87,14.2755,10.9741,3.4621,2.2378,1.7224,,,158755.5556,15875.5556,15875.5556,3381493.3343,338149.3343
212,212,601156.SH,20211214,21.1542,21.7847,20.9796,21.4355,21.3094,0.126100000000001,0.5918,130461.57,288385.517,8.2178,8.2178,1.24,14.8117,11.3863,3.5921,2.3219,1.7871,,,158755.5556,15875.5556,15875.5556,3508497.7788,350849.7788
213,213,601156.SH,20211213,22.2017,22.2017,20.8632,21.3094,20.8535,0.45589999999999975,2.1862,165896.43,366556.399,10.4498,10.4498,1.84,14.7245,11.3193,3.571,2.3082,1.7766,,,158755.5556,15875.5556,15875.5556,3487859.5565,348785.9565
214,214,601156.SH,20211210,20.2813,21.0475,20.1746,20.8535,20.3104,0.543099999999999,2.674,118252.46,253687.626,7.4487,7.4487,1.65,14.4095,11.0772,3.4946,2.2588,1.7386,,,158755.5556,15875.5556,15875.5556,3413244.4454,341324.4454
215,215,601156.SH,20211209,20.1358,20.4947,20.1261,20.3104,20.1358,0.17460000000000164,0.8671,73591.47,154417.85,4.6355,4.6355,1.2,14.0342,10.7886,3.4035,2.2,1.6933,,,158755.5556,15875.5556,15875.5556,3324341.3343,332434.1343
216,216,601156.SH,20211208,20.0873,20.6111,20.0291,20.1358,20.2037,-0.06790000000000163,-0.3361,56773.75,118180.599,3.5762,3.5762,1.03,13.9136,10.6959,3.3743,2.1811,1.6787,,,158755.5556,15875.5556,15875.5556,3295765.3343,329576.5343
217,217,601156.SH,20211207,19.8351,20.7371,19.7866,20.2037,19.8642,0.339500000000001,1.7091,113534.3,238320.176,7.1515,7.1515,2.98,13.9605,10.732,3.3857,2.1884,1.6844,,,158755.5556,15875.5556,15875.5556,3306878.2231,330687.8231
218,218,601156.SH,20211206,19.3986,20.1746,19.3889,19.8642,19.1077,0.7564999999999991,3.9591,89273.23,182193.329,5.6233,5.6233,3.01,13.7259,10.5516,3.3288,2.1517,1.6561,,,158755.5556,15875.5556,15875.5556,3251313.7787,325131.3787
219,219,601156.SH,20211203,18.9913,19.321,18.9525,19.1077,18.9331,0.17460000000000164,0.9222,25887.52,51113.613,1.6307,1.6307,0.87,13.2032,10.1498,3.202,2.0697,1.593,,,158755.5556,15875.5556,15875.5556,3127484.4453,312748.4453
220,220,601156.SH,20211202,19.001,19.1562,18.9331,18.9331,19.0495,-0.11639999999999873,-0.611,21708.44,42567.802,1.3674,1.3674,0.71,13.0825,10.057,3.1727,2.0508,1.5785,,,158755.5556,15875.5556,15875.5556,3098908.4453,309890.8453
221,221,601156.SH,20211201,18.7973,19.1853,18.7876,19.0495,18.8943,0.15519999999999712,0.8214,25847.81,50708.67,1.6282,1.6282,0.83,13.1629,10.1189,3.1922,2.0634,1.5882,,,158755.5556,15875.5556,15875.5556,3117959.112,311795.912
222,222,601156.SH,20211130,19.0301,19.1077,18.8361,18.8943,18.8943,0.0,0.0,27475.98,53736.99,1.7307,1.7307,0.85,13.0557,10.0364,3.1662,2.0466,1.5752,,,158755.5556,15875.5556,15875.5556,3092558.2231,309255.8231
223,223,601156.SH,20211129,19.3404,19.3404,18.8943,18.8943,19.4859,-0.5915999999999997,-3.036,47362.62,92898.943,2.9834,2.9834,1.39,13.0557,10.0364,3.1662,2.0466,1.5752,,,158755.5556,15875.5556,15875.5556,3092558.2231,309255.8231
224,224,601156.SH,20211126,19.6314,19.7187,19.4665,19.4859,19.709,-0.22309999999999874,-1.132,26559.4,53498.581,1.673,1.673,0.63,13.4645,10.3507,3.2654,2.1107,1.6246,,,158755.5556,15875.5556,15875.5556,3189399.112,318939.912
225,225,601156.SH,20211125,19.8351,19.8351,19.5829,19.709,19.8157,-0.10670000000000002,-0.5385,26130.42,53031.58,1.646,1.646,0.58,13.6187,10.4692,3.3028,2.1349,1.6432,,,158755.5556,15875.5556,15875.5556,3225912.8898,322591.2898
226,226,601156.SH,20211124,19.8351,19.8351,19.5829,19.8157,19.7866,0.02909999999999968,0.1471,28472.2,57797.37,1.7935,1.7935,0.64,13.6924,10.5259,3.3207,2.1464,1.6521,,,158755.5556,15875.5556,15875.5556,3243376.0009,324337.6009
227,227,601156.SH,20211123,19.8836,19.9515,19.6702,19.7866,19.7866,0.0,0.0,32363.01,65938.11,2.0385,2.0385,0.71,13.6723,10.5104,3.3158,2.1433,1.6496,,,158755.5556,15875.5556,15875.5556,3238613.3342,323861.3342
228,228,601156.SH,20211122,19.8836,20.2813,19.7284,19.7866,19.9515,-0.16489999999999938,-0.8265,57363.47,118093.918,3.6133,3.6133,1.24,13.6723,10.5104,3.3158,2.1433,1.6496,,,158755.5556,15875.5556,15875.5556,3238613.3342,323861.3342
229,229,601156.SH,20211119,19.3889,20.0291,19.3695,19.9515,19.3598,0.5916999999999994,3.0563,67079.36,137414.02,4.2253,4.2253,1.7,13.7862,10.598,3.3434,2.1611,1.6634,,,158755.5556,15875.5556,15875.5556,3265601.7787,326560.1787
230,230,601156.SH,20211118,19.6314,19.903,19.3307,19.3598,19.6411,-0.28130000000000166,-1.4322,40964.26,82924.193,2.5803,2.5803,1.12,13.3774,10.2837,3.2443,2.097,1.6141,,,158755.5556,15875.5556,15875.5556,3168760.8898,316876.0898
231,231,601156.SH,20211117,19.709,19.8254,19.5538,19.6411,19.6993,-0.05819999999999936,-0.2954,25454.18,51585.276,1.6034,1.6034,0.68,13.5718,10.4331,3.2914,2.1275,1.6375,,,158755.5556,15875.5556,15875.5556,3214800.0009,321480.0009
232,232,601156.SH,20211116,19.8642,20.0291,19.6799,19.6993,19.9515,-0.2521999999999984,-1.2641,37045.54,75528.362,2.3335,2.3335,1.06,13.612,10.4641,3.3011,2.1338,1.6424,,,158755.5556,15875.5556,15875.5556,3224325.3342,322432.5342
233,233,601156.SH,20211115,19.4665,20.0388,19.3016,19.9515,19.4277,0.5237999999999978,2.6962,59834.27,122152.33,3.769,3.769,2.08,13.7862,10.598,3.3434,2.1611,1.6634,,,158755.5556,15875.5556,15875.5556,3265601.7787,326560.1787
234,234,601156.SH,20211112,19.3404,19.4665,19.1271,19.4277,19.2823,0.1454000000000022,0.7541,33691.09,67092.114,2.1222,2.1222,1.25,13.4243,10.3198,3.2556,2.1044,1.6197,,,158755.5556,15875.5556,15875.5556,3179873.7787,317987.3787
235,235,601156.SH,20211111,19.2241,19.3307,19.1465,19.2823,19.2047,0.07760000000000034,0.4041,26125.64,51877.516,1.6457,1.6457,0.95,13.3238,10.2425,3.2313,2.0886,1.6076,,,158755.5556,15875.5556,15875.5556,3156060.4453,315606.0453
236,236,601156.SH,20211110,19.001,19.2144,18.8749,19.2047,19.0495,0.15520000000000067,0.8147,30680.53,60297.229,1.9326,1.9326,1.14,13.2702,10.2013,3.2183,2.0802,1.6011,,,158755.5556,15875.5556,15875.5556,3143360.0009,314336.0009
237,237,601156.SH,20211109,19.0592,19.1271,18.8846,19.0495,19.0786,-0.029100000000003234,-0.1525,24161.81,47255.866,1.522,1.522,0.8,13.1629,10.1189,3.1922,2.0634,1.5882,,,158755.5556,15875.5556,15875.5556,3117959.112,311795.912
238,238,601156.SH,20211108,18.9622,19.3307,18.9331,19.0786,18.9331,0.14550000000000196,0.7685,29512.9,58290.926,1.859,1.859,0.87,13.183,10.1343,3.1971,2.0666,1.5906,,,158755.5556,15875.5556,15875.5556,3122721.7787,312272.1787
239,239,601156.SH,20211105,19.1077,19.1853,18.9234,18.9331,19.1853,-0.252200000000002,-1.3145,24530.9,48074.103,1.5452,1.5452,0.7,13.0825,10.057,3.1727,2.0508,1.5785,,,158755.5556,15875.5556,15875.5556,3098908.4453,309890.8453
240,240,601156.SH,20211104,19.1174,19.2629,18.9913,19.1853,19.0883,0.09700000000000131,0.5082,28591.28,56463.814,1.801,1.801,0.85,13.2568,10.191,3.215,2.0781,1.5995,,,158755.5556,15875.5556,15875.5556,3140184.8898,314018.4898
241,241,601156.SH,20211103,19.0107,19.1562,18.7682,19.0883,18.8555,0.232800000000001,1.2347,27628.5,53949.869,1.7403,1.7403,0.82,13.1898,10.1395,3.1988,2.0676,1.5914,,,158755.5556,15875.5556,15875.5556,3124309.3342,312430.9342
242,242,601156.SH,20211102,19.1077,19.2338,18.6324,18.8555,19.1174,-0.2619000000000007,-1.37,40388.75,78982.326,2.5441,2.5441,1.36,13.0289,10.0158,3.1597,2.0424,1.572,,,158755.5556,15875.5556,15875.5556,3086208.0009,308620.8009
243,243,601156.SH,20211101,19.2241,19.2629,18.9137,19.1174,18.6906,0.42680000000000007,2.2835,47990.75,94441.921,3.0229,3.0229,1.92,13.2099,10.1549,3.2036,2.0708,1.5938,,,158755.5556,15875.5556,15875.5556,3129072.0009,312907.2009
244,244,601156.SH,20211029,18.2929,18.7682,18.2929,18.6906,18.225,0.46559999999999846,2.5547,29646.25,56843.062,1.8674,1.8674,1.01,12.915,11.7286,3.4515,2.0245,1.7194,,,158755.5556,15875.5556,15875.5556,3059219.5564,305921.9564
245,245,601156.SH,20211028,18.4287,18.516,18.1862,18.225,18.5063,-0.2812999999999981,-1.52,22677.58,42742.936,1.4285,1.4285,0.74,12.5933,11.4365,3.3655,1.9741,1.6766,,,158755.5556,15875.5556,15875.5556,2983016.8897,298301.6897
246,246,601156.SH,20211027,18.4675,18.807,18.3414,18.5063,18.4675,0.03879999999999839,0.2101,28680.17,54893.616,1.8066,1.8066,0.89,12.7876,11.613,3.4175,2.0046,1.7025,,,158755.5556,15875.5556,15875.5556,3029056.0008,302905.6008
247,247,601156.SH,20211026,18.4384,18.5936,18.3705,18.4675,18.4384,0.02909999999999968,0.1578,19932.55,37981.382,1.2555,1.2555,0.58,12.7608,11.5886,3.4103,2.0004,1.6989,,,158755.5556,15875.5556,15875.5556,3022705.7786,302270.5786
248,248,601156.SH,20211025,18.3802,18.6033,18.2929,18.4384,18.3608,0.07760000000000034,0.4226,23825.94,45345.418,1.5008,1.5008,0.67,12.7407,11.5704,3.4049,1.9972,1.6962,,,158755.5556,15875.5556,15875.5556,3017943.112,301794.312
249,249,601156.SH,20211022,18.8458,18.8846,18.3608,18.3608,18.8749,-0.5140999999999991,-2.7237,52238.0,99922.096,3.2905,3.2905,1.5,12.6871,11.5217,3.3906,1.9888,1.6891,,,158755.5556,15875.5556,15875.5556,3005242.6675,300524.2675
250,250,601156.SH,20211021,18.9913,19.1368,18.8361,18.8749,18.9428,-0.06789999999999807,-0.3584,29088.99,56790.979,1.8323,1.8323,0.78,13.0423,11.8443,3.4855,2.0445,1.7364,,,158755.5556,15875.5556,15875.5556,3089383.112,308938.312
251,251,601156.SH,20211020,19.2629,19.2919,18.8943,18.9428,19.2629,-0.32010000000000005,-1.6617,36087.11,70812.159,2.2731,2.2731,1.01,13.0892,11.8869,3.4981,2.0519,1.7426,,,158755.5556,15875.5556,15875.5556,3100496.0009,310049.6009
252,252,601156.SH,20211019,19.0301,19.4374,19.001,19.2629,19.0689,0.19399999999999906,1.0174,31860.37,63143.722,2.0069,2.0069,0.83,13.3104,12.0877,3.5572,2.0865,1.7721,,,158755.5556,15875.5556,15875.5556,3152885.3342,315288.5342
253,253,601156.SH,20211018,18.9234,19.1077,18.7779,19.0689,19.1077,-0.038800000000001944,-0.2031,29184.0,56963.749,1.8383,1.8383,0.72,13.1763,11.966,3.5213,2.0655,1.7542,,,158755.5556,15875.5556,15875.5556,3121134.2231,312113.4231
254,254,601156.SH,20211015,19.418,19.6799,19.0204,19.1077,19.3113,-0.203599999999998,-1.0543,47615.01,94835.657,2.9993,2.9993,1.21,13.2032,11.9903,3.5285,2.0697,1.7578,,,158755.5556,15875.5556,15875.5556,3127484.4453,312748.4453
255,255,601156.SH,20211014,19.195,19.515,19.1174,19.3113,19.195,0.11629999999999896,0.6059,41646.73,82845.664,2.6233,2.6233,1.05,13.3439,12.1182,3.5661,2.0918,1.7765,,,158755.5556,15875.5556,15875.5556,3160823.112,316082.312
256,256,601156.SH,20211013,18.8846,19.2047,18.7682,19.195,18.9428,0.252200000000002,1.3314,28188.88,55389.905,1.7756,1.7756,0.54,13.2635,12.0451,3.5446,2.0792,1.7658,,,158755.5556,15875.5556,15875.5556,3141772.4453,314177.2453
257,257,601156.SH,20211012,19.2726,19.3307,18.7197,18.9428,19.3501,-0.4073000000000029,-2.1049,44699.68,87396.961,2.8156,2.8156,0.83,13.0892,11.8869,3.4981,2.0519,1.7426,,,158755.5556,15875.5556,15875.5556,3100496.0009,310049.6009
258,258,601156.SH,20211011,19.2047,19.5635,19.0689,19.3501,19.2629,0.08720000000000283,0.4527,40340.88,80629.61,2.5411,2.5411,0.65,13.3707,12.1425,3.5733,2.096,1.7801,,,158755.5556,15875.5556,15875.5556,3167173.3342,316717.3342
259,259,601156.SH,20211008,19.4956,19.5441,19.1077,19.2629,19.0883,0.1745999999999981,0.9147,42479.92,84272.125,2.6758,2.6758,0.58,13.3104,12.0877,3.5572,2.0865,1.7721,,,158755.5556,15875.5556,15875.5556,3152885.3342,315288.5342
260,260,601156.SH,20210930,19.0398,19.2532,19.0398,19.0883,18.9234,0.16489999999999938,0.8714,42255.7,83351.627,2.6617,2.6617,0.47,13.1898,11.9782,3.5249,2.0676,1.756,,,158755.5556,15875.5556,15875.5556,3124309.3342,312430.9342
261,261,601156.SH,20210929,19.9903,20.1164,18.9234,18.9234,20.194,-1.2705999999999982,-6.292,91549.21,182840.826,5.7667,5.7667,1.03,13.0758,11.8747,3.4945,2.0498,1.7409,,,158755.5556,15875.5556,15875.5556,3097320.8898,309732.0898
262,262,601156.SH,20210928,20.2716,20.4656,20.0388,20.194,20.2037,-0.009700000000002262,-0.048,53035.23,110588.805,3.3407,3.3407,0.53,13.9538,12.672,3.7291,2.1874,1.8577,,,158755.5556,15875.5556,15875.5556,3305290.6676,330529.0676
263,263,601156.SH,20210927,20.9117,21.0475,20.1358,20.2037,20.8923,-0.6885999999999974,-3.296,82405.5,174135.238,5.1907,5.1907,0.73,13.9605,12.6781,3.7309,2.1884,1.8586,,,158755.5556,15875.5556,15875.5556,3306878.2231,330687.8231
264,264,601156.SH,20210924,21.8429,21.9011,20.7856,20.8923,21.8817,-0.9893999999999998,-4.5216,100007.53,219753.498,6.2995,6.2995,0.7,14.4363,13.1103,3.8581,2.263,1.922,,,158755.5556,15875.5556,15875.5556,3419594.6676,341959.4676
265,265,601156.SH,20210923,21.2997,22.5703,21.2803,21.8817,21.3191,0.5625999999999998,2.6389,126530.58,287458.214,7.9702,7.9702,0.73,15.12,13.7311,4.0408,2.3702,2.013,,,158755.5556,15875.5556,15875.5556,3581525.3343,358152.5343
266,266,601156.SH,20210922,20.8535,21.5422,20.7468,21.3191,21.096,0.22309999999999874,1.0575,81123.42,177519.739,5.11,5.11,0.41,14.7312,13.3781,3.9369,2.3093,1.9613,,,158755.5556,15875.5556,15875.5556,3489447.1121,348944.7121
267,267,601156.SH,20210917,21.6877,21.6877,20.6402,21.096,21.6877,-0.5916999999999994,-2.7283,110510.39,239557.978,6.961,6.961,0.57,14.5771,13.2381,3.8957,2.2851,1.9407,,,158755.5556,15875.5556,15875.5556,3452933.3343,345293.3343
268,268,601156.SH,20210916,22.2987,22.8225,21.5519,21.6877,22.386,-0.6982999999999997,-3.1194,145602.45,331666.725,9.1715,9.1715,0.81,14.9859,13.6093,4.0049,2.3492,1.9952,,,158755.5556,15875.5556,15875.5556,3549774.2232,354977.4232
269,269,601156.SH,20210915,21.7071,22.9292,21.7071,22.386,21.387,0.9989999999999988,4.6711,253341.48,586543.907,15.958,15.958,1.86,15.4685,14.0476,4.1339,2.4248,2.0594,,,158755.5556,15875.5556,15875.5556,3664078.2232,366407.8232
270,270,601156.SH,20210914,22.6867,22.7449,21.3676,21.387,21.9302,-0.5431999999999988,-2.4769,270662.38,614602.992,17.049,17.049,2.86,14.7782,13.4207,3.9494,2.3166,1.9675,,,158755.5556,15875.5556,15875.5556,3500560.001,350056.001
271,271,601156.SH,20210913,20.291,21.9302,20.2813,21.9302,19.9321,1.9981000000000009,10.0245,205507.47,452501.155,12.9449,12.9449,3.31,15.1535,13.7615,4.0497,2.3754,2.0175,,,158755.5556,15875.5556,15875.5556,3589463.1121,358946.3121
272,272,601156.SH,20210910,19.6217,20.0388,19.6217,19.9321,19.5732,0.35889999999999844,1.8336,98422.67,201989.024,6.1996,6.1996,1.96,13.7728,12.5077,3.6807,2.159,1.8337,,,158755.5556,15875.5556,15875.5556,3262426.6676,326242.6676
273,273,601156.SH,20210909,19.3307,19.6314,19.2919,19.5732,19.3404,0.232800000000001,1.2037,65519.17,131882.165,4.127,4.127,1.45,13.5249,12.2825,3.6145,2.1201,1.8006,,,158755.5556,15875.5556,15875.5556,3203687.112,320368.712
274,274,601156.SH,20210908,19.3986,19.3986,19.2435,19.3404,19.3986,-0.05819999999999936,-0.3,41558.95,82744.313,2.6178,2.6178,0.9,13.364,12.1364,3.5715,2.0949,1.7792,,,158755.5556,15875.5556,15875.5556,3165585.7787,316558.5787
275,275,601156.SH,20210907,19.1659,19.4956,19.0495,19.3986,19.1659,0.2326999999999977,1.2141,61586.6,122345.127,3.8793,3.8793,1.38,13.4042,12.1729,3.5822,2.1012,1.7846,,,158755.5556,15875.5556,15875.5556,3175111.112,317511.112
276,276,601156.SH,20210906,19.2823,19.2919,19.0398,19.1659,19.1562,0.009700000000002262,0.0506,43553.87,86034.769,2.7435,2.7435,0.93,13.2434,12.0269,3.5392,2.076,1.7632,,,158755.5556,15875.5556,15875.5556,3137009.7787,313700.9787
277,277,601156.SH,20210903,19.2241,19.3889,19.0495,19.1562,19.1853,-0.029100000000003234,-0.1517,38448.6,76142.698,2.4219,2.4219,0.8,13.2367,12.0208,3.5375,2.075,1.7623,,,158755.5556,15875.5556,15875.5556,3135422.2231,313542.2231
278,278,601156.SH,20210902,18.9234,19.2726,18.8555,19.1853,18.9234,0.2619000000000007,1.384,40783.59,80327.435,2.569,2.569,0.84,13.2568,12.039,3.5428,2.0781,1.765,,,158755.5556,15875.5556,15875.5556,3140184.8898,314018.4898
279,279,601156.SH,20210901,18.6421,19.098,18.4772,18.9234,18.6615,0.2619000000000007,1.4034,46689.84,90246.177,2.941,2.941,0.96,13.0758,11.8747,3.4945,2.0498,1.7409,,,158755.5556,15875.5556,15875.5556,3097320.8898,309732.0898
280,280,601156.SH,20210831,18.9137,18.9816,18.4481,18.6615,19.0107,-0.34919999999999973,-1.8369,53803.25,103153.642,3.3891,3.3891,1.16,12.8949,11.7104,3.4461,2.0214,1.7168,,,158755.5556,15875.5556,15875.5556,3054456.8897,305445.6897
281,281,601156.SH,20210830,19.1174,19.5635,18.9622,19.0107,19.0107,0.0,0.0,55220.85,109593.342,3.4784,3.4784,1.25,13.1361,11.9295,3.5106,2.0592,1.7489,,,158755.5556,15875.5556,15875.5556,3111608.8898,311160.8898
282,282,601156.SH,20210827,19.2047,19.3501,18.8458,19.0107,19.195,-0.18430000000000035,-0.9601,43143.24,84487.076,2.7176,2.7176,0.88,13.1361,13.1361,3.8787,2.0592,2.0592,,,158755.5556,15875.5556,15875.5556,3111608.8898,311160.8898
283,283,601156.SH,20210826,19.4859,19.5635,19.195,19.195,19.4762,-0.28119999999999834,-1.4438,44319.0,88254.741,2.7917,2.7917,0.81,13.2635,13.2635,3.9163,2.0792,2.0792,,,158755.5556,15875.5556,15875.5556,3141772.4453,314177.2453
284,284,601156.SH,20210825,19.515,19.7187,19.3113,19.4762,19.515,-0.038800000000001944,-0.1988,47811.18,95990.519,3.0116,3.0116,0.76,13.4578,13.4578,3.9737,2.1096,2.1096,,,158755.5556,15875.5556,15875.5556,3187811.5564,318781.1564
285,285,601156.SH,20210824,19.5247,19.7672,19.418,19.515,19.5344,-0.019400000000000972,-0.0993,41190.15,82979.11,2.5946,2.5946,0.52,13.4846,13.4846,3.9816,2.1138,2.1138,,,158755.5556,15875.5556,15875.5556,3194161.7787,319416.1787
286,286,601156.SH,20210823,19.3889,19.6411,19.2047,19.5344,19.4471,0.0873000000000026,0.4489,45215.05,90919.863,2.8481,2.8481,0.53,13.498,13.498,3.9856,2.1159,2.1159,,,158755.5556,15875.5556,15875.5556,3197336.8898,319733.6898
287,287,601156.SH,20210820,19.709,19.8157,19.3404,19.4471,19.6993,-0.252200000000002,-1.2802,65322.34,131242.846,4.1146,4.1146,0.82,13.4377,13.4377,3.9678,2.1065,2.1065,,,158755.5556,15875.5556,15875.5556,3183048.8898,318304.8898
288,288,601156.SH,20210819,20.3589,20.4171,19.5926,19.6993,20.3492,-0.6498999999999988,-3.1937,73212.56,150061.199,4.6117,4.6117,1.0,13.612,13.612,4.0192,2.1338,2.1338,,,158755.5556,15875.5556,15875.5556,3224325.3342,322432.5342
289,289,601156.SH,20210818,19.7866,20.5044,19.612,20.3492,19.9127,0.4364999999999988,2.1921,90634.03,189147.624,5.709,5.709,1.32,14.061,14.061,4.1518,2.2042,2.2042,,,158755.5556,15875.5556,15875.5556,3330691.5565,333069.1565
290,290,601156.SH,20210817,19.612,20.2231,19.4568,19.9127,19.612,0.30070000000000263,1.5332,120782.97,247907.935,7.6081,7.6081,2.35,13.7594,13.7594,4.0628,2.1569,2.1569,,,158755.5556,15875.5556,15875.5556,3259251.5565,325925.1565
291,291,601156.SH,20210816,18.8943,19.6217,18.7779,19.612,19.0107,0.6012999999999984,3.163,78474.79,156683.664,4.9431,4.9431,1.77,13.5517,13.5517,4.0014,2.1243,2.1243,,,158755.5556,15875.5556,15875.5556,3210037.3342,321003.7342
292,292,601156.SH,20210813,19.2047,19.2241,18.9331,19.0107,19.0592,-0.048500000000000654,-0.2545,36353.16,71348.742,2.2899,2.2899,0.79,13.1361,13.1361,3.8787,2.0592,2.0592,,,158755.5556,15875.5556,15875.5556,3111608.8898,311160.8898
293,293,601156.SH,20210812,19.195,19.2241,19.001,19.0592,19.2241,-0.16489999999999938,-0.8578,40866.23,80348.907,2.5742,2.5742,0.85,13.1696,13.1696,3.8886,2.0645,2.0645,,,158755.5556,15875.5556,15875.5556,3119546.6675,311954.6675
294,294,601156.SH,20210811,18.9622,19.5247,18.9622,19.2241,18.9816,0.24249999999999972,1.2776,67739.13,134761.841,4.2669,4.2669,1.57,13.2836,13.2836,3.9223,2.0823,2.0823,,,158755.5556,15875.5556,15875.5556,3146535.112,314653.512
295,295,601156.SH,20210810,18.9137,19.0689,18.8361,18.9816,18.9719,0.00969999999999871,0.0511,33139.29,64828.704,2.0874,2.0874,0.7,13.116,13.116,3.8728,2.0561,2.0561,,,158755.5556,15875.5556,15875.5556,3106846.2231,310684.6231
296,296,601156.SH,20210809,18.5645,19.0592,18.516,18.9719,18.6615,0.31040000000000134,1.6633,44150.23,85576.951,2.781,2.781,0.8,13.1093,13.1093,3.8708,2.055,2.055,,,158755.5556,15875.5556,15875.5556,3105258.6675,310525.8675
297,297,601156.SH,20210806,18.7003,18.807,18.4481,18.6615,18.8361,-0.1745999999999981,-0.9269,44356.66,84890.4,2.794,2.794,0.8,12.8949,12.8949,3.8075,2.0214,2.0214,,,158755.5556,15875.5556,15875.5556,3054456.8897,305445.6897
298,298,601156.SH,20210805,19.4956,19.5635,18.8167,18.8361,19.3695,-0.5334000000000003,-2.7538,52190.91,103030.919,3.2875,3.2875,0.95,13.0155,13.0155,3.8431,2.0403,2.0403,,,158755.5556,15875.5556,15875.5556,3083032.8898,308303.2898
299,299,601156.SH,20210804,19.7187,19.7187,19.3016,19.3695,19.4374,-0.06790000000000163,-0.3493,41741.62,83793.253,2.6293,2.6293,0.71,13.3841,13.3841,3.9519,2.0981,2.0981,,,158755.5556,15875.5556,15875.5556,3170348.4453,317034.8453
300,300,601156.SH,20210803,19.4471,19.4859,19.2144,19.4374,19.5732,-0.1357999999999997,-0.6938,54169.1,108090.374,3.4121,3.4121,0.88,13.431,13.431,3.9658,2.1054,2.1054,,,158755.5556,15875.5556,15875.5556,3181461.3342,318146.1342
301,301,601156.SH,20210802,18.7682,20.0776,18.7488,19.5732,18.4481,1.1250999999999998,6.0987,82748.64,166385.292,5.2123,5.2123,1.48,13.5249,13.5249,3.9935,2.1201,2.1201,,,158755.5556,15875.5556,15875.5556,3203687.112,320368.712
302,302,601156.SH,20210730,18.2735,18.5839,18.0116,18.4481,18.2638,0.18430000000000035,1.0091,45948.86,86938.399,2.8943,2.8943,0.73,12.7474,12.7474,3.7639,1.9983,1.9983,,,158755.5556,15875.5556,15875.5556,3019530.6675,301953.0675
303,303,601156.SH,20210729,18.0795,18.5451,17.9922,18.2638,17.8855,0.3782999999999994,2.1151,51144.41,96244.22,3.2216,3.2216,0.82,12.6201,12.6201,3.7263,1.9783,1.9783,,,158755.5556,15875.5556,15875.5556,2989367.1119,298936.7119
304,304,601156.SH,20210728,18.5257,18.5742,17.6528,17.8855,18.5742,-0.6887000000000008,-3.7078,60425.65,111936.07,3.8062,3.8062,0.96,12.3587,12.3587,3.6492,1.9373,1.9373,,,158755.5556,15875.5556,15875.5556,2927452.4453,292745.2453
305,305,601156.SH,20210727,19.1853,19.3792,18.5548,18.5742,19.2726,-0.6983999999999995,-3.6238,66725.61,130378.809,4.203,4.203,1.05,12.8345,12.8345,3.7897,2.0119,2.0119,,,158755.5556,15875.5556,15875.5556,3040168.8897,304016.8897
306,306,601156.SH,20210726,19.4083,19.7478,19.2047,19.2726,19.4471,-0.17449999999999832,-0.8973,54909.8,110056.24,3.4588,3.4588,0.82,13.3171,13.3171,3.9322,2.0876,2.0876,,,158755.5556,15875.5556,15875.5556,3154472.8898,315447.2898
307,307,601156.SH,20210723,20.0582,20.0582,19.418,19.4471,20.0873,-0.6402000000000001,-3.1871,80034.42,162257.679,5.0414,5.0414,1.22,13.4377,13.4377,3.9678,2.1065,2.1065,,,158755.5556,15875.5556,15875.5556,3183048.8898,318304.8898
308,308,601156.SH,20210722,20.2231,20.4462,20.0582,20.0873,20.3201,-0.232800000000001,-1.1457,49628.89,103162.181,3.1261,3.1261,0.69,13.8801,13.8801,4.0984,2.1758,2.1758,,,158755.5556,15875.5556,15875.5556,3287827.5565,328782.7565
309,309,601156.SH,20210721,20.6693,20.8438,20.3104,20.3201,20.8535,-0.5334000000000003,-2.5578,63118.23,133591.667,3.9758,3.9758,0.84,14.0409,14.0409,4.1459,2.201,2.201,,,158755.5556,15875.5556,15875.5556,3325928.8898,332592.8898
310,310,601156.SH,20210720,20.2619,21.0669,20.1552,20.8535,20.5238,0.329699999999999,1.6064,68877.38,147365.028,4.3386,4.3386,0.91,14.4095,14.4095,4.2547,2.2588,2.2588,,,158755.5556,15875.5556,15875.5556,3413244.4454,341324.4454
311,311,601156.SH,20210719,20.1649,20.7856,19.6896,20.5238,20.3686,0.15520000000000067,0.762,71133.97,148544.551,4.4807,4.4807,0.97,14.1817,14.1817,4.1874,2.2231,2.2231,,,158755.5556,15875.5556,15875.5556,3359267.5565,335926.7565
312,312,601156.SH,20210716,20.3686,20.8438,20.2037,20.3686,20.1552,0.21340000000000003,1.0588,75014.26,158191.64,4.7251,4.7251,1.03,14.0744,14.0744,4.1558,2.2063,2.2063,,,158755.5556,15875.5556,15875.5556,3333866.6676,333386.6676
313,313,601156.SH,20210715,20.5723,20.582,20.0388,20.1552,20.7274,-0.5721999999999987,-2.7606,83590.49,174159.811,5.2654,5.2654,1.11,13.927,13.927,4.1122,2.1832,2.1832,,,158755.5556,15875.5556,15875.5556,3298940.4454,329894.0454
314,314,601156.SH,20210714,21.29,21.3094,20.7177,20.7274,21.2221,-0.4947000000000017,-2.3311,75909.71,163561.858,4.7815,4.7815,1.0,14.3224,14.3224,4.229,2.2452,2.2452,,,158755.5556,15875.5556,15875.5556,3392606.2232,339260.6232
315,315,601156.SH,20210713,21.5034,21.5131,21.1445,21.2221,21.5131,-0.29100000000000037,-1.3527,72024.97,157978.638,4.5368,4.5368,0.87,14.6642,14.6642,4.3299,2.2987,2.2987,,,158755.5556,15875.5556,15875.5556,3473571.5565,347357.1565
316,316,601156.SH,20210712,21.6198,21.872,21.4452,21.5131,21.6198,-0.10670000000000002,-0.4935,58414.73,129942.207,3.6795,3.6795,0.63,14.8653,14.8653,4.3893,2.3303,2.3303,,,158755.5556,15875.5556,15875.5556,3521198.2232,352119.8232
317,317,601156.SH,20210709,21.193,22.0078,21.1833,21.6198,21.3288,0.29100000000000037,1.3644,75391.8,167816.08,4.7489,4.7489,0.77,14.939,14.939,4.4111,2.3418,2.3418,,,158755.5556,15875.5556,15875.5556,3538661.3343,353866.1343
318,318,601156.SH,20210708,22.0175,22.0175,21.3094,21.3288,22.0951,-0.7662999999999975,-3.4682,95711.15,212797.334,6.0288,6.0288,0.91,14.7379,14.7379,4.3517,2.3103,2.3103,,,158755.5556,15875.5556,15875.5556,3491034.6676,349103.4676
319,319,601156.SH,20210707,22.1145,22.5024,22.0466,22.0951,22.2793,-0.18420000000000059,-0.8268,79678.27,182763.358,5.0189,5.0189,0.71,15.2674,15.2674,4.508,2.3933,2.3933,,,158755.5556,15875.5556,15875.5556,3616451.5566,361645.1566
320,320,601156.SH,20210706,21.6877,22.289,21.484,22.2793,21.8235,0.4558,2.0886,102586.86,231310.549,6.4619,6.4619,0.88,15.3947,15.3947,4.5456,2.4133,2.4133,,,158755.5556,15875.5556,15875.5556,3646615.1121,364661.5121
321,321,601156.SH,20210705,21.3385,22.0951,20.9117,21.8235,21.5325,0.29100000000000037,1.3514,112556.08,248979.108,7.0899,7.0899,0.85,15.0797,15.0797,4.4526,2.3639,2.3639,,,158755.5556,15875.5556,15875.5556,3572000.001,357200.001
322,322,601156.SH,20210702,22.0272,22.4636,21.4549,21.5325,22.1629,-0.6304000000000016,-2.8444,101789.84,228667.73,6.4117,6.4117,0.72,14.8787,14.8787,4.3932,2.3324,2.3324,,,158755.5556,15875.5556,15875.5556,3524373.3343,352437.3343
323,323,601156.SH,20210701,22.9195,22.9195,22.1629,22.1629,22.9583,-0.7954000000000008,-3.4645,130360.24,302585.41,8.2114,8.2114,0.82,15.3143,15.3143,4.5219,2.4007,2.4007,,,158755.5556,15875.5556,15875.5556,3627564.4455,362756.4455
324,324,601156.SH,20210630,23.2881,23.5597,22.8904,22.9583,23.4821,-0.5237999999999978,-2.2306,110524.62,263969.884,6.9619,6.9619,0.56,15.8639,15.8639,4.6841,2.4868,2.4868,,,158755.5556,15875.5556,15875.5556,3757744.0011,375774.4011
325,325,601156.SH,20210629,23.0844,23.8118,22.9971,23.4821,23.3657,0.11639999999999873,0.4982,124896.35,301783.388,7.8672,7.8672,0.47,16.2258,16.2258,4.791,2.5435,2.5435,,,158755.5556,15875.5556,15875.5556,3843472.0011,384347.2011
326,326,601156.SH,20210628,24.4423,24.4617,23.2881,23.3657,24.4326,-1.0669000000000004,-4.3667,192377.09,469190.397,12.1178,12.1178,0.68,16.1454,16.1454,4.7673,2.5309,2.5309,,,158755.5556,15875.5556,15875.5556,3824421.3344,382442.1344
327,327,601156.SH,20210625,24.3647,24.7624,23.967,24.4326,24.258,0.17460000000000164,0.7198,151806.28,382701.714,9.5623,9.5623,0.51,16.8826,16.8826,4.9849,2.6465,2.6465,,,158755.5556,15875.5556,15875.5556,3999052.4456,399905.2456
328,328,601156.SH,20210624,25.2182,25.2376,23.7633,24.258,25.2473,-0.9893000000000001,-3.9184,218127.96,548860.567,13.7399,13.7399,0.69,16.762,16.762,4.9493,2.6276,2.6276,,,158755.5556,15875.5556,15875.5556,3970476.4456,397047.6456
329,329,601156.SH,20210623,25.8972,26.5373,25.1018,25.2473,26.2852,-1.0379000000000005,-3.9486,301752.33,796163.025,19.0074,19.0074,0.93,17.4456,17.4456,5.1512,2.7348,2.7348,,,158755.5556,15875.5556,15875.5556,4132407.1123,413240.7123
330,330,601156.SH,20210622,27.1581,28.322,26.2367,26.2852,26.1397,0.1454999999999984,0.5566,460846.53,1296482.722,29.0287,29.0287,1.19,18.1627,18.1627,5.3629,2.8472,2.8472,,,158755.5556,15875.5556,15875.5556,4302275.5568,430227.5568
331,331,601156.SH,20210621,23.8797,26.1397,23.3851,26.1397,23.7633,2.3764000000000003,10.0003,290041.03,748799.545,18.2697,18.2697,0.88,18.0622,18.0622,5.3332,2.8314,2.8314,,,158755.5556,15875.5556,15875.5556,4278462.2234,427846.2234
332,332,601156.SH,20210618,23.2881,24.5296,22.9486,23.7633,23.7536,0.009700000000002262,0.0408,228354.98,560766.3,14.3841,14.3841,0.8,16.4202,16.4202,4.8484,2.574,2.574,,,158755.5556,15875.5556,15875.5556,3889511.1122,388951.1122
333,333,601156.SH,20210617,23.3269,24.6848,22.4733,23.7536,23.5597,0.1938999999999993,0.823,293360.09,716126.778,18.4787,18.4787,1.28,16.4135,16.4135,4.8464,2.573,2.573,,,158755.5556,15875.5556,15875.5556,3887923.5566,388792.3566
334,334,601156.SH,20210616,24.2483,25.1988,23.3754,23.5597,25.6062,-2.0465000000000018,-7.9922,348361.03,869344.171,21.9432,21.9432,,16.2794,16.2794,4.8068,2.5519,2.5519,,,158755.5556,15875.5556,15875.5556,3856172.4455,385617.2455
335,335,601156.SH,20210615,29.1853,29.1853,23.9864,25.6062,26.6537,-1.0474999999999994,-3.93,768247.04,2020606.784,48.3918,48.3918,,17.6936,17.6936,5.2244,2.7736,2.7736,,,158755.5556,15875.5556,15875.5556,4191146.6678,419114.6678
336,336,601156.SH,20210611,26.6537,26.6537,26.6537,26.6537,24.2289,2.424800000000001,10.0079,7479.32,20553.171,0.4711,0.4711,,18.4174,18.4174,5.4381,2.8871,2.8871,,,158755.5556,15875.5556,15875.5556,4362602.6679,436260.2679
337,337,601156.SH,20210610,24.2289,24.2289,24.2289,24.2289,22.0272,2.201699999999999,9.9954,6525.28,16300.149,0.411,0.411,,16.7419,16.7419,4.9434,2.6244,2.6244,,,158755.5556,15875.5556,15875.5556,3965713.7789,396571.3789
338,338,601156.SH,20210609,18.3511,22.0272,18.3511,22.0272,15.2958,6.731400000000001,44.0082,14704.22,33199.622,0.9262,0.9262,,15.2205,15.2205,4.4942,2.386,2.386,,,158755.5556,15875.5556,15875.5556,3605338.6677,360533.8677
